activity_id,activity_date,user_id,user_email,plan_type,feature_used,session_duration,pages_viewed,country,device_type,subscription_status
ACT_0001,2025-06-10,USER_2243,userUSER_2243@example.com,Enterprise,API,45,14,UK,Tablet,Trial
ACT_0002,2025-06-30,USER_6156,userUSER_6156@example.com,Basic,Export,81,9,Australia,Tablet,Active
ACT_0003,2025-02-15,USER_9389,userUSER_9389@example.com,Enterprise,Analytics,117,13,Australia,Tablet,Trial
ACT_0004,2025-07-27,USER_3022,userUSER_3022@example.com,Basic,Export,102,11,USA,Desktop,Expired
ACT_0005,2025-05-23,USER_5035,userUSER_5035@example.com,Enterprise,Dashboard,106,14,Germany,Desktop,Active
ACT_0006,2025-08-07,USER_9681,userUSER_9681@example.com,Pro,API,110,5,Germany,Desktop,Active
ACT_0007,2025-03-13,USER_9615,userUSER_9615@example.com,Pro,Analytics,16,8,Germany,Mobile,Trial
ACT_0008,2025-07-12,USER_2468,userUSER_2468@example.com,Pro,Reports,72,13,USA,Tablet,Trial
ACT_0009,2025-05-03,USER_1815,userUSER_1815@example.com,Pro,Dashboard,69,20,India,Tablet,Trial
ACT_0010,2025-04-12,USER_6522,userUSER_6522@example.com,Enterprise,API,75,8,USA,Tablet,Cancelled
ACT_0011,2025-07-22,USER_1608,userUSER_1608@example.com,Free,Analytics,68,12,Germany,Mobile,Trial
ACT_0012,2025-07-07,USER_8243,userUSER_8243@example.com,Free,Analytics,45,16,India,Mobile,Expired
ACT_0013,2025-03-25,USER_3939,userUSER_3939@example.com,Enterprise,Reports,105,20,Australia,Mobile,Expired
ACT_0014,2025-05-06,USER_1752,userUSER_1752@example.com,Free,Reports,84,20,Germany,Mobile,Active
ACT_0015,2025-02-19,USER_1779,userUSER_1779@example.com,Pro,Analytics,21,5,USA,Tablet,Trial
ACT_0016,2025-06-03,USER_1113,userUSER_1113@example.com,Basic,API,41,20,Canada,Mobile,Trial
ACT_0017,2025-06-26,USER_2758,userUSER_2758@example.com,Pro,Export,76,8,Australia,Mobile,Expired
ACT_0018,2025-03-19,USER_5491,userUSER_5491@example.com,Enterprise,Reports,40,15,Australia,Mobile,Active
ACT_0019,2025-05-10,USER_9552,userUSER_9552@example.com,Basic,Dashboard,111,12,Germany,Desktop,Expired
ACT_0020,2025-05-12,USER_4215,userUSER_4215@example.com,Pro,Dashboard,38,3,USA,Mobile,Trial
ACT_0021,2025-06-02,USER_6528,userUSER_6528@example.com,Basic,API,10,17,USA,Desktop,Trial
ACT_0022,2025-06-16,USER_8613,userUSER_8613@example.com,Pro,Reports,74,6,Australia,Desktop,Active
ACT_0023,2025-05-11,USER_2157,userUSER_2157@example.com,Enterprise,Export,111,15,Australia,Mobile,Cancelled
ACT_0024,2025-04-26,USER_7384,userUSER_7384@example.com,Basic,Export,69,20,India,Desktop,Active
ACT_0025,2025-02-20,USER_2267,userUSER_2267@example.com,Free,Dashboard,10,4,Canada,Tablet,Trial
ACT_0026,2025-02-19,USER_8964,userUSER_8964@example.com,Enterprise,Export,78,15,India,Mobile,Cancelled
ACT_0027,2025-04-03,USER_2949,userUSER_2949@example.com,Free,Analytics,77,5,Germany,Desktop,Cancelled
ACT_0028,2025-02-20,USER_4400,userUSER_4400@example.com,Enterprise,Dashboard,118,13,UK,Tablet,Active
ACT_0029,2025-07-21,USER_9003,userUSER_9003@example.com,Basic,Dashboard,14,20,Australia,Desktop,Active
ACT_0030,2025-03-05,USER_7657,userUSER_7657@example.com,Free,Analytics,59,5,UK,Mobile,Expired
ACT_0031,2025-05-12,USER_6952,userUSER_6952@example.com,Basic,API,15,2,Canada,Mobile,Cancelled
ACT_0032,2025-07-23,USER_6665,userUSER_6665@example.com,Enterprise,Export,57,7,UK,Desktop,Expired
ACT_0033,2025-07-11,USER_9318,userUSER_9318@example.com,Free,Export,39,1,Canada,Desktop,Active
ACT_0034,2025-05-21,USER_5950,userUSER_5950@example.com,Pro,Analytics,114,8,Australia,Desktop,Cancelled
ACT_0035,2025-08-03,USER_3909,userUSER_3909@example.com,Enterprise,API,112,9,USA,Desktop,Cancelled
ACT_0036,2025-07-08,USER_7676,userUSER_7676@example.com,Basic,API,11,14,USA,Tablet,Expired
ACT_0037,2025-03-12,USER_3616,userUSER_3616@example.com,Enterprise,API,31,9,USA,Tablet,Cancelled
ACT_0038,2025-04-22,USER_3504,userUSER_3504@example.com,Free,Dashboard,75,2,Canada,Tablet,Trial
ACT_0039,2025-06-12,USER_4792,userUSER_4792@example.com,Free,Analytics,105,8,UK,Tablet,Expired
ACT_0040,2025-05-27,USER_9819,userUSER_9819@example.com,Pro,Analytics,91,5,UK,Desktop,Expired
ACT_0041,2025-07-12,USER_4226,userUSER_4226@example.com,Enterprise,Analytics,19,7,Germany,Mobile,Cancelled
ACT_0042,2025-07-09,USER_4638,userUSER_4638@example.com,Free,Export,104,15,Canada,Desktop,Active
ACT_0043,2025-05-01,USER_9053,userUSER_9053@example.com,Free,Export,102,20,Germany,Mobile,Active
ACT_0044,2025-08-03,USER_2215,userUSER_2215@example.com,Basic,Export,5,8,UK,Desktop,Trial
ACT_0045,2025-02-21,USER_5635,userUSER_5635@example.com,Enterprise,Analytics,74,20,India,Desktop,Expired
ACT_0046,2025-04-05,USER_2973,userUSER_2973@example.com,Basic,Reports,16,8,India,Desktop,Cancelled
ACT_0047,2025-07-04,USER_2004,userUSER_2004@example.com,Pro,Export,74,3,USA,Mobile,Cancelled
ACT_0048,2025-06-13,USER_6809,userUSER_6809@example.com,Enterprise,Reports,29,17,USA,Tablet,Trial
ACT_0049,2025-04-19,USER_4001,userUSER_4001@example.com,Free,Analytics,50,9,UK,Desktop,Expired
ACT_0050,2025-06-26,USER_5164,userUSER_5164@example.com,Free,Reports,10,9,India,Mobile,Cancelled
ACT_0051,2025-04-08,USER_1248,userUSER_1248@example.com,Pro,Export,27,20,UK,Mobile,Cancelled
ACT_0052,2025-02-13,USER_1179,userUSER_1179@example.com,Pro,Reports,55,20,India,Mobile,Active
ACT_0053,2025-03-19,USER_9260,userUSER_9260@example.com,Basic,Export,53,10,Germany,Tablet,Active
ACT_0054,2025-05-07,USER_1860,userUSER_1860@example.com,Basic,Reports,79,7,Australia,Tablet,Cancelled
ACT_0055,2025-02-22,USER_9726,userUSER_9726@example.com,Free,Dashboard,22,6,USA,Tablet,Trial
ACT_0056,2025-07-01,USER_3635,userUSER_3635@example.com,Basic,Export,111,19,USA,Mobile,Active
ACT_0057,2025-03-11,USER_2315,userUSER_2315@example.com,Pro,Reports,14,2,India,Desktop,Cancelled
ACT_0058,2025-02-27,USER_2050,userUSER_2050@example.com,Basic,Reports,73,5,Germany,Tablet,Active
ACT_0059,2025-05-29,USER_7496,userUSER_7496@example.com,Enterprise,Reports,28,11,USA,Desktop,Expired
ACT_0060,2025-04-06,USER_3584,userUSER_3584@example.com,Basic,Analytics,10,3,India,Tablet,Expired
ACT_0061,2025-07-05,USER_8162,userUSER_8162@example.com,Pro,Dashboard,85,16,Germany,Desktop,Active
ACT_0062,2025-06-23,USER_1665,userUSER_1665@example.com,Enterprise,Export,64,10,Australia,Tablet,Cancelled
ACT_0063,2025-07-03,USER_5519,userUSER_5519@example.com,Basic,Export,13,2,USA,Desktop,Expired
ACT_0064,2025-04-30,USER_5109,userUSER_5109@example.com,Free,Analytics,38,9,Canada,Mobile,Cancelled
ACT_0065,2025-04-01,USER_9588,userUSER_9588@example.com,Enterprise,API,10,6,Canada,Mobile,Cancelled
ACT_0066,2025-04-29,USER_3952,userUSER_3952@example.com,Basic,Analytics,11,13,Australia,Tablet,Cancelled
ACT_0067,2025-06-21,USER_6884,userUSER_6884@example.com,Basic,Reports,52,12,UK,Mobile,Trial
ACT_0068,2025-03-16,USER_8828,userUSER_8828@example.com,Free,Dashboard,62,2,UK,Mobile,Trial
ACT_0069,2025-02-11,USER_1171,userUSER_1171@example.com,Enterprise,Dashboard,87,1,Germany,Desktop,Expired
ACT_0070,2025-06-15,USER_8886,userUSER_8886@example.com,Basic,Export,75,17,USA,Tablet,Cancelled
ACT_0071,2025-05-04,USER_1597,userUSER_1597@example.com,Enterprise,Export,65,8,UK,Desktop,Trial
ACT_0072,2025-08-03,USER_4421,userUSER_4421@example.com,Basic,Reports,64,9,Germany,Tablet,Cancelled
ACT_0073,2025-04-10,USER_4567,userUSER_4567@example.com,Free,Export,23,5,Canada,Mobile,Expired
ACT_0074,2025-05-20,USER_1419,userUSER_1419@example.com,Basic,Analytics,83,15,Canada,Desktop,Trial
ACT_0075,2025-04-17,USER_9094,userUSER_9094@example.com,Basic,Export,100,6,Australia,Mobile,Cancelled
ACT_0076,2025-03-12,USER_6995,userUSER_6995@example.com,Pro,Export,18,19,India,Desktop,Cancelled
ACT_0077,2025-06-24,USER_4726,userUSER_4726@example.com,Basic,Dashboard,6,20,Germany,Desktop,Expired
ACT_0078,2025-07-19,USER_8016,userUSER_8016@example.com,Free,Export,50,9,UK,Mobile,Expired
ACT_0079,2025-05-24,USER_5808,userUSER_5808@example.com,Enterprise,Export,24,16,Australia,Desktop,Expired
ACT_0080,2025-07-19,USER_3707,userUSER_3707@example.com,Enterprise,Dashboard,12,2,USA,Mobile,Trial
ACT_0081,2025-02-24,USER_8026,userUSER_8026@example.com,Enterprise,Analytics,7,2,Germany,Mobile,Expired
ACT_0082,2025-06-26,USER_8679,userUSER_8679@example.com,Basic,Dashboard,7,8,Germany,Mobile,Trial
ACT_0083,2025-04-22,USER_7675,userUSER_7675@example.com,Enterprise,Analytics,82,20,India,Tablet,Expired
ACT_0084,2025-06-22,USER_8484,userUSER_8484@example.com,Pro,API,59,5,UK,Mobile,Expired
ACT_0085,2025-04-30,USER_2664,userUSER_2664@example.com,Basic,Reports,25,6,UK,Tablet,Expired
ACT_0086,2025-02-15,USER_7235,userUSER_7235@example.com,Pro,Dashboard,44,4,Canada,Desktop,Trial
ACT_0087,2025-07-09,USER_2539,userUSER_2539@example.com,Free,Dashboard,7,15,UK,Tablet,Expired
ACT_0088,2025-03-22,USER_7690,userUSER_7690@example.com,Pro,Dashboard,106,19,Canada,Mobile,Active
ACT_0089,2025-03-26,USER_1633,userUSER_1633@example.com,Basic,Dashboard,79,12,Australia,Mobile,Trial
ACT_0090,2025-05-20,USER_4243,userUSER_4243@example.com,Free,API,36,20,Canada,Tablet,Expired
ACT_0091,2025-04-19,USER_3690,userUSER_3690@example.com,Pro,API,68,17,Germany,Tablet,Cancelled
ACT_0092,2025-02-22,USER_6039,userUSER_6039@example.com,Pro,Export,78,16,USA,Desktop,Active
ACT_0093,2025-07-11,USER_8835,userUSER_8835@example.com,Pro,Reports,20,12,Australia,Tablet,Trial
ACT_0094,2025-03-17,USER_1417,userUSER_1417@example.com,Pro,API,42,14,UK,Desktop,Cancelled
ACT_0095,2025-05-07,USER_5336,userUSER_5336@example.com,Enterprise,Export,78,16,USA,Desktop,Cancelled
ACT_0096,2025-06-16,USER_3490,userUSER_3490@example.com,Pro,Reports,19,17,USA,Mobile,Expired
ACT_0097,2025-02-11,USER_8495,userUSER_8495@example.com,Basic,Export,42,17,UK,Tablet,Expired
ACT_0098,2025-03-27,USER_3197,userUSER_3197@example.com,Pro,Reports,9,17,Germany,Desktop,Trial
ACT_0099,2025-04-24,USER_2271,userUSER_2271@example.com,Pro,Export,22,10,UK,Tablet,Cancelled
ACT_0100,2025-08-10,USER_7977,userUSER_7977@example.com,Basic,Export,107,12,Germany,Tablet,Expired
ACT_0101,2025-03-13,USER_6138,userUSER_6138@example.com,Free,Reports,18,14,India,Desktop,Cancelled
ACT_0102,2025-04-08,USER_9072,userUSER_9072@example.com,Pro,Analytics,64,11,UK,Mobile,Cancelled
ACT_0103,2025-04-29,USER_7190,userUSER_7190@example.com,Free,Dashboard,96,14,Germany,Desktop,Trial
ACT_0104,2025-05-03,USER_6143,userUSER_6143@example.com,Pro,Analytics,81,19,Germany,Desktop,Trial
ACT_0105,2025-07-20,USER_7125,userUSER_7125@example.com,Pro,Reports,24,14,USA,Desktop,Trial
ACT_0106,2025-08-04,USER_7183,userUSER_7183@example.com,Pro,Export,97,2,UK,Tablet,Cancelled
ACT_0107,2025-06-22,USER_2908,userUSER_2908@example.com,Free,Dashboard,79,7,Canada,Tablet,Trial
ACT_0108,2025-03-06,USER_9126,userUSER_9126@example.com,Pro,Reports,76,18,UK,Mobile,Cancelled
ACT_0109,2025-07-30,USER_1168,userUSER_1168@example.com,Pro,Dashboard,117,13,UK,Tablet,Trial
ACT_0110,2025-05-06,USER_9822,userUSER_9822@example.com,Pro,Dashboard,42,5,Germany,Desktop,Active
ACT_0111,2025-03-23,USER_7235,userUSER_7235@example.com,Free,Reports,119,12,Canada,Desktop,Cancelled
ACT_0112,2025-06-11,USER_3622,userUSER_3622@example.com,Free,API,24,19,Germany,Tablet,Expired
ACT_0113,2025-04-14,USER_7933,userUSER_7933@example.com,Free,Reports,94,16,Germany,Desktop,Active
ACT_0114,2025-04-07,USER_6506,userUSER_6506@example.com,Free,API,53,20,Canada,Mobile,Cancelled
ACT_0115,2025-07-04,USER_4404,userUSER_4404@example.com,Free,Analytics,54,20,Canada,Tablet,Expired
ACT_0116,2025-07-08,USER_8839,userUSER_8839@example.com,Pro,API,90,3,UK,Desktop,Trial
ACT_0117,2025-07-31,USER_3775,userUSER_3775@example.com,Enterprise,API,6,4,UK,Desktop,Cancelled
ACT_0118,2025-03-17,USER_1738,userUSER_1738@example.com,Enterprise,Analytics,69,5,UK,Desktop,Trial
ACT_0119,2025-05-02,USER_2719,userUSER_2719@example.com,Basic,API,47,6,USA,Desktop,Active
ACT_0120,2025-07-21,USER_6160,userUSER_6160@example.com,Pro,API,36,3,India,Tablet,Active
ACT_0121,2025-04-12,USER_6828,userUSER_6828@example.com,Enterprise,Reports,61,7,USA,Mobile,Active
ACT_0122,2025-04-28,USER_4263,userUSER_4263@example.com,Pro,Analytics,54,6,Canada,Desktop,Trial
ACT_0123,2025-05-25,USER_9725,userUSER_9725@example.com,Free,Analytics,104,17,Canada,Desktop,Active
ACT_0124,2025-03-15,USER_6787,userUSER_6787@example.com,Basic,Dashboard,69,19,UK,Desktop,Expired
ACT_0125,2025-02-23,USER_1554,userUSER_1554@example.com,Pro,Reports,18,20,Canada,Mobile,Trial
ACT_0126,2025-05-17,USER_7772,userUSER_7772@example.com,Basic,Reports,116,8,USA,Mobile,Trial
ACT_0127,2025-05-05,USER_1375,userUSER_1375@example.com,Enterprise,Reports,18,17,Australia,Mobile,Cancelled
ACT_0128,2025-02-28,USER_4524,userUSER_4524@example.com,Enterprise,Dashboard,58,16,UK,Mobile,Cancelled
ACT_0129,2025-05-02,USER_1315,userUSER_1315@example.com,Pro,Reports,54,12,USA,Tablet,Trial
ACT_0130,2025-06-01,USER_8204,userUSER_8204@example.com,Enterprise,API,51,18,USA,Mobile,Trial
ACT_0131,2025-04-11,USER_6771,userUSER_6771@example.com,Basic,Analytics,33,20,USA,Desktop,Expired
ACT_0132,2025-05-09,USER_8831,userUSER_8831@example.com,Free,Export,120,15,Australia,Tablet,Cancelled
ACT_0133,2025-06-15,USER_3901,userUSER_3901@example.com,Enterprise,Reports,41,11,UK,Mobile,Trial
ACT_0134,2025-05-02,USER_6908,userUSER_6908@example.com,Pro,Export,15,20,Canada,Tablet,Cancelled
ACT_0135,2025-06-21,USER_1863,userUSER_1863@example.com,Pro,Analytics,97,5,Australia,Tablet,Trial
ACT_0136,2025-06-03,USER_8659,userUSER_8659@example.com,Free,Analytics,26,19,India,Tablet,Trial
ACT_0137,2025-05-07,USER_2980,userUSER_2980@example.com,Free,Reports,40,10,Canada,Desktop,Trial
ACT_0138,2025-05-06,USER_9192,userUSER_9192@example.com,Pro,Export,44,20,India,Mobile,Active
ACT_0139,2025-02-22,USER_2299,userUSER_2299@example.com,Pro,Analytics,74,9,India,Mobile,Trial
ACT_0140,2025-02-24,USER_3539,userUSER_3539@example.com,Basic,Reports,99,6,Canada,Mobile,Active
ACT_0141,2025-07-15,USER_3408,userUSER_3408@example.com,Pro,Dashboard,41,3,Germany,Mobile,Trial
ACT_0142,2025-06-24,USER_3549,userUSER_3549@example.com,Basic,Dashboard,43,3,India,Tablet,Trial
ACT_0143,2025-05-28,USER_5364,userUSER_5364@example.com,Free,Analytics,98,11,India,Desktop,Trial
ACT_0144,2025-03-23,USER_7678,userUSER_7678@example.com,Enterprise,API,35,19,USA,Tablet,Active
ACT_0145,2025-03-22,USER_2660,userUSER_2660@example.com,Basic,Dashboard,59,7,UK,Desktop,Cancelled
ACT_0146,2025-07-04,USER_2593,userUSER_2593@example.com,Enterprise,Analytics,105,13,India,Desktop,Trial
ACT_0147,2025-03-16,USER_8596,userUSER_8596@example.com,Free,API,72,18,Australia,Desktop,Trial
ACT_0148,2025-03-08,USER_6055,userUSER_6055@example.com,Pro,Dashboard,56,1,India,Tablet,Trial
ACT_0149,2025-05-25,USER_9013,userUSER_9013@example.com,Free,Reports,29,20,Australia,Tablet,Active
ACT_0150,2025-06-14,USER_2742,userUSER_2742@example.com,Enterprise,Dashboard,109,1,USA,Mobile,Expired
ACT_0151,2025-03-08,USER_2768,userUSER_2768@example.com,Enterprise,Reports,38,5,Germany,Desktop,Expired
ACT_0152,2025-07-10,USER_8550,userUSER_8550@example.com,Pro,Dashboard,68,7,USA,Mobile,Active
ACT_0153,2025-06-07,USER_9759,userUSER_9759@example.com,Free,Dashboard,61,19,Germany,Desktop,Active
ACT_0154,2025-04-05,USER_7963,userUSER_7963@example.com,Enterprise,API,37,16,Germany,Desktop,Trial
ACT_0155,2025-08-08,USER_5448,userUSER_5448@example.com,Enterprise,Dashboard,72,19,UK,Desktop,Active
ACT_0156,2025-05-12,USER_2519,userUSER_2519@example.com,Basic,Analytics,114,6,Canada,Mobile,Expired
ACT_0157,2025-02-20,USER_3201,userUSER_3201@example.com,Free,Dashboard,41,4,Germany,Desktop,Trial
ACT_0158,2025-07-04,USER_5493,userUSER_5493@example.com,Enterprise,Dashboard,103,13,USA,Desktop,Active
ACT_0159,2025-07-18,USER_1906,userUSER_1906@example.com,Free,API,46,3,India,Mobile,Trial
ACT_0160,2025-06-03,USER_3123,userUSER_3123@example.com,Pro,API,95,14,Germany,Desktop,Expired
ACT_0161,2025-05-08,USER_2043,userUSER_2043@example.com,Basic,Dashboard,27,2,UK,Mobile,Trial
ACT_0162,2025-07-28,USER_5898,userUSER_5898@example.com,Basic,Analytics,74,20,Australia,Tablet,Trial
ACT_0163,2025-07-21,USER_4063,userUSER_4063@example.com,Pro,API,72,7,Germany,Tablet,Expired
ACT_0164,2025-07-11,USER_8873,userUSER_8873@example.com,Basic,API,36,7,UK,Tablet,Trial
ACT_0165,2025-03-01,USER_5799,userUSER_5799@example.com,Enterprise,Analytics,17,12,Germany,Desktop,Cancelled
ACT_0166,2025-02-27,USER_4335,userUSER_4335@example.com,Enterprise,Dashboard,15,9,USA,Desktop,Expired
ACT_0167,2025-07-19,USER_9157,userUSER_9157@example.com,Basic,API,103,15,Australia,Tablet,Active
ACT_0168,2025-07-13,USER_2381,userUSER_2381@example.com,Enterprise,Reports,85,6,UK,Tablet,Cancelled
ACT_0169,2025-07-06,USER_6683,userUSER_6683@example.com,Pro,Dashboard,20,1,Australia,Desktop,Trial
ACT_0170,2025-07-11,USER_5687,userUSER_5687@example.com,Enterprise,Analytics,55,2,USA,Desktop,Cancelled
ACT_0171,2025-03-01,USER_3038,userUSER_3038@example.com,Basic,Dashboard,57,15,USA,Desktop,Expired
ACT_0172,2025-03-21,USER_4823,userUSER_4823@example.com,Basic,API,13,14,Germany,Mobile,Cancelled
ACT_0173,2025-07-16,USER_4069,userUSER_4069@example.com,Enterprise,Reports,95,8,UK,Mobile,Active
ACT_0174,2025-07-29,USER_9011,userUSER_9011@example.com,Basic,Export,106,10,Canada,Desktop,Expired
ACT_0175,2025-06-14,USER_1768,userUSER_1768@example.com,Basic,Dashboard,114,17,Australia,Mobile,Expired
ACT_0176,2025-03-18,USER_3631,userUSER_3631@example.com,Basic,Analytics,40,3,India,Mobile,Active
ACT_0177,2025-06-16,USER_7789,userUSER_7789@example.com,Free,API,32,17,USA,Desktop,Trial
ACT_0178,2025-03-26,USER_3563,userUSER_3563@example.com,Enterprise,Analytics,79,12,Germany,Desktop,Trial
ACT_0179,2025-04-02,USER_4752,userUSER_4752@example.com,Basic,Dashboard,70,15,UK,Mobile,Active
ACT_0180,2025-02-17,USER_6938,userUSER_6938@example.com,Free,Dashboard,115,3,USA,Mobile,Expired
ACT_0181,2025-03-08,USER_3678,userUSER_3678@example.com,Basic,Reports,28,4,Canada,Desktop,Trial
ACT_0182,2025-07-09,USER_4151,userUSER_4151@example.com,Free,API,50,1,Australia,Mobile,Expired
ACT_0183,2025-07-16,USER_3275,userUSER_3275@example.com,Free,API,91,13,Australia,Mobile,Trial
ACT_0184,2025-07-24,USER_6980,userUSER_6980@example.com,Enterprise,API,34,5,India,Mobile,Active
ACT_0185,2025-03-31,USER_5771,userUSER_5771@example.com,Basic,Export,5,7,USA,Mobile,Cancelled
ACT_0186,2025-05-31,USER_9745,userUSER_9745@example.com,Free,Analytics,94,5,Germany,Desktop,Expired
ACT_0187,2025-06-16,USER_1239,userUSER_1239@example.com,Pro,API,80,15,India,Tablet,Cancelled
ACT_0188,2025-04-06,USER_6154,userUSER_6154@example.com,Enterprise,API,9,3,Australia,Desktop,Trial
ACT_0189,2025-02-20,USER_5879,userUSER_5879@example.com,Free,Reports,62,11,UK,Tablet,Active
ACT_0190,2025-07-08,USER_1490,userUSER_1490@example.com,Free,Analytics,50,10,Australia,Mobile,Trial
ACT_0191,2025-07-31,USER_2051,userUSER_2051@example.com,Free,Analytics,111,17,Germany,Mobile,Trial
ACT_0192,2025-08-06,USER_9317,userUSER_9317@example.com,Enterprise,API,15,9,Australia,Mobile,Trial
ACT_0193,2025-06-05,USER_3054,userUSER_3054@example.com,Basic,Analytics,72,9,UK,Desktop,Cancelled
ACT_0194,2025-05-05,USER_9984,userUSER_9984@example.com,Pro,Dashboard,54,2,Canada,Desktop,Cancelled
ACT_0195,2025-07-18,USER_3483,userUSER_3483@example.com,Basic,Export,34,14,Germany,Tablet,Cancelled
ACT_0196,2025-07-03,USER_1225,userUSER_1225@example.com,Free,API,92,20,Australia,Mobile,Active
ACT_0197,2025-05-14,USER_1657,userUSER_1657@example.com,Free,Reports,83,4,Germany,Mobile,Trial
ACT_0198,2025-03-23,USER_5098,userUSER_5098@example.com,Pro,Analytics,87,14,India,Mobile,Active
ACT_0199,2025-06-08,USER_2408,userUSER_2408@example.com,Enterprise,Dashboard,119,9,USA,Desktop,Expired
ACT_0200,2025-03-31,USER_6231,userUSER_6231@example.com,Free,Reports,33,11,Canada,Mobile,Trial
ACT_0201,2025-04-08,USER_2078,userUSER_2078@example.com,Pro,API,31,7,UK,Mobile,Expired
ACT_0202,2025-03-20,USER_6581,userUSER_6581@example.com,Free,Dashboard,92,6,Germany,Mobile,Expired
ACT_0203,2025-03-17,USER_7828,userUSER_7828@example.com,Enterprise,API,36,10,India,Desktop,Trial
ACT_0204,2025-05-30,USER_6743,userUSER_6743@example.com,Enterprise,Export,60,12,USA,Desktop,Cancelled
ACT_0205,2025-02-27,USER_3862,userUSER_3862@example.com,Basic,Dashboard,33,7,Canada,Mobile,Cancelled
ACT_0206,2025-05-17,USER_6962,userUSER_6962@example.com,Free,Analytics,92,9,Australia,Tablet,Active
ACT_0207,2025-07-19,USER_9585,userUSER_9585@example.com,Basic,Export,80,19,USA,Mobile,Active
ACT_0208,2025-07-16,USER_5138,userUSER_5138@example.com,Pro,API,104,7,USA,Mobile,Trial
ACT_0209,2025-07-26,USER_2770,userUSER_2770@example.com,Pro,API,13,12,USA,Tablet,Active
ACT_0210,2025-02-25,USER_7537,userUSER_7537@example.com,Enterprise,Analytics,17,13,Canada,Desktop,Active
ACT_0211,2025-05-10,USER_1174,userUSER_1174@example.com,Free,API,75,5,India,Mobile,Active
ACT_0212,2025-06-06,USER_8542,userUSER_8542@example.com,Free,Export,91,16,Germany,Mobile,Cancelled
ACT_0213,2025-02-13,USER_7251,userUSER_7251@example.com,Pro,Analytics,18,18,Canada,Mobile,Trial
ACT_0214,2025-03-04,USER_4632,userUSER_4632@example.com,Enterprise,Reports,106,7,Germany,Mobile,Cancelled
ACT_0215,2025-05-01,USER_5099,userUSER_5099@example.com,Free,Reports,38,14,USA,Tablet,Cancelled
ACT_0216,2025-06-05,USER_3920,userUSER_3920@example.com,Enterprise,Dashboard,33,10,India,Tablet,Cancelled
ACT_0217,2025-06-25,USER_7622,userUSER_7622@example.com,Pro,Dashboard,22,1,Australia,Desktop,Trial
ACT_0218,2025-07-06,USER_6702,userUSER_6702@example.com,Basic,API,20,11,India,Desktop,Expired
ACT_0219,2025-07-26,USER_6946,userUSER_6946@example.com,Pro,Export,105,14,India,Desktop,Cancelled
ACT_0220,2025-08-07,USER_4643,userUSER_4643@example.com,Enterprise,Export,101,13,UK,Tablet,Trial
ACT_0221,2025-03-11,USER_8200,userUSER_8200@example.com,Free,Export,47,17,India,Tablet,Cancelled
ACT_0222,2025-03-19,USER_5720,userUSER_5720@example.com,Basic,Reports,91,5,Canada,Desktop,Trial
ACT_0223,2025-05-29,USER_6005,userUSER_6005@example.com,Enterprise,Export,29,19,Germany,Mobile,Expired
ACT_0224,2025-05-16,USER_6937,userUSER_6937@example.com,Pro,Export,33,4,India,Mobile,Trial
ACT_0225,2025-06-07,USER_9517,userUSER_9517@example.com,Free,Reports,5,12,USA,Desktop,Cancelled
ACT_0226,2025-04-14,USER_4787,userUSER_4787@example.com,Basic,Dashboard,55,17,USA,Desktop,Cancelled
ACT_0227,2025-07-17,USER_3676,userUSER_3676@example.com,Pro,Reports,59,5,UK,Mobile,Expired
ACT_0228,2025-04-30,USER_8740,userUSER_8740@example.com,Pro,Analytics,47,3,Germany,Tablet,Active
ACT_0229,2025-03-23,USER_9805,userUSER_9805@example.com,Enterprise,API,112,7,Germany,Tablet,Trial
ACT_0230,2025-07-25,USER_1261,userUSER_1261@example.com,Free,Dashboard,68,13,Australia,Mobile,Active
ACT_0231,2025-04-27,USER_5226,userUSER_5226@example.com,Free,Reports,19,3,Germany,Desktop,Trial
ACT_0232,2025-05-30,USER_1564,userUSER_1564@example.com,Enterprise,Export,62,13,Australia,Tablet,Active
ACT_0233,2025-03-02,USER_7751,userUSER_7751@example.com,Pro,Dashboard,72,7,Australia,Mobile,Cancelled
ACT_0234,2025-07-26,USER_5972,userUSER_5972@example.com,Pro,API,34,18,Germany,Mobile,Active
ACT_0235,2025-04-06,USER_7072,userUSER_7072@example.com,Basic,API,26,15,USA,Tablet,Trial
ACT_0236,2025-07-09,USER_5402,userUSER_5402@example.com,Pro,API,85,7,USA,Desktop,Cancelled
ACT_0237,2025-04-25,USER_9214,userUSER_9214@example.com,Enterprise,Reports,91,12,Canada,Mobile,Cancelled
ACT_0238,2025-04-28,USER_3360,userUSER_3360@example.com,Free,Dashboard,75,7,USA,Desktop,Cancelled
ACT_0239,2025-07-16,USER_9009,userUSER_9009@example.com,Enterprise,API,10,18,USA,Desktop,Active
ACT_0240,2025-06-25,USER_5215,userUSER_5215@example.com,Enterprise,Analytics,25,15,UK,Tablet,Cancelled
ACT_0241,2025-05-11,USER_2533,userUSER_2533@example.com,Pro,Reports,67,13,India,Mobile,Active
ACT_0242,2025-03-26,USER_1492,userUSER_1492@example.com,Pro,Reports,110,18,Germany,Desktop,Active
ACT_0243,2025-02-23,USER_2324,userUSER_2324@example.com,Pro,Export,78,18,UK,Mobile,Cancelled
ACT_0244,2025-04-10,USER_1879,userUSER_1879@example.com,Pro,Reports,67,13,UK,Mobile,Cancelled
ACT_0245,2025-06-17,USER_6425,userUSER_6425@example.com,Basic,Reports,16,20,UK,Tablet,Expired
ACT_0246,2025-07-18,USER_7848,userUSER_7848@example.com,Enterprise,Reports,95,15,India,Mobile,Cancelled
ACT_0247,2025-04-05,USER_1262,userUSER_1262@example.com,Pro,Reports,33,19,India,Tablet,Trial
ACT_0248,2025-04-01,USER_3955,userUSER_3955@example.com,Pro,Dashboard,40,11,UK,Mobile,Cancelled
ACT_0249,2025-04-19,USER_3830,userUSER_3830@example.com,Free,Reports,37,7,Canada,Desktop,Expired
ACT_0250,2025-04-05,USER_6989,userUSER_6989@example.com,Pro,Analytics,91,11,Australia,Desktop,Expired
ACT_0251,2025-04-27,USER_3466,userUSER_3466@example.com,Pro,Dashboard,13,19,India,Desktop,Trial
ACT_0252,2025-06-20,USER_4101,userUSER_4101@example.com,Enterprise,Analytics,50,20,Australia,Desktop,Expired
ACT_0253,2025-06-05,USER_6200,userUSER_6200@example.com,Basic,Analytics,93,15,UK,Mobile,Expired
ACT_0254,2025-06-06,USER_9932,userUSER_9932@example.com,Basic,Reports,113,20,Germany,Desktop,Trial
ACT_0255,2025-05-19,USER_2523,userUSER_2523@example.com,Free,API,68,7,Canada,Mobile,Active
ACT_0256,2025-07-15,USER_2297,userUSER_2297@example.com,Free,Analytics,33,9,Canada,Desktop,Expired
ACT_0257,2025-07-06,USER_8747,userUSER_8747@example.com,Pro,Reports,6,10,Germany,Desktop,Trial
ACT_0258,2025-06-23,USER_7821,userUSER_7821@example.com,Free,Export,31,14,Australia,Desktop,Active
ACT_0259,2025-06-18,USER_2498,userUSER_2498@example.com,Enterprise,Reports,42,10,India,Mobile,Cancelled
ACT_0260,2025-04-10,USER_1545,userUSER_1545@example.com,Basic,Reports,103,20,Australia,Mobile,Trial
ACT_0261,2025-03-14,USER_8465,userUSER_8465@example.com,Pro,Export,119,1,Canada,Mobile,Active
ACT_0262,2025-07-15,USER_6132,userUSER_6132@example.com,Enterprise,Analytics,64,14,India,Desktop,Cancelled
ACT_0263,2025-08-06,USER_1772,userUSER_1772@example.com,Pro,Dashboard,26,10,Germany,Mobile,Active
ACT_0264,2025-07-13,USER_5702,userUSER_5702@example.com,Pro,Dashboard,113,2,Australia,Desktop,Cancelled
ACT_0265,2025-04-26,USER_8067,userUSER_8067@example.com,Enterprise,Dashboard,71,1,UK,Desktop,Active
ACT_0266,2025-07-14,USER_4352,userUSER_4352@example.com,Pro,Reports,80,12,Canada,Tablet,Trial
ACT_0267,2025-03-04,USER_3154,userUSER_3154@example.com,Basic,Export,16,5,India,Tablet,Cancelled
ACT_0268,2025-05-17,USER_5239,userUSER_5239@example.com,Basic,Export,18,6,Australia,Mobile,Cancelled
ACT_0269,2025-07-03,USER_3723,userUSER_3723@example.com,Free,Dashboard,30,7,India,Desktop,Active
ACT_0270,2025-03-29,USER_7994,userUSER_7994@example.com,Basic,Reports,11,20,Australia,Tablet,Active
ACT_0271,2025-04-21,USER_3039,userUSER_3039@example.com,Basic,Reports,99,9,India,Mobile,Active
ACT_0272,2025-07-24,USER_3616,userUSER_3616@example.com,Free,Export,96,4,UK,Desktop,Cancelled
ACT_0273,2025-04-27,USER_9404,userUSER_9404@example.com,Free,Export,120,20,Canada,Desktop,Active
ACT_0274,2025-05-31,USER_1234,userUSER_1234@example.com,Free,API,67,15,India,Tablet,Cancelled
ACT_0275,2025-03-16,USER_9556,userUSER_9556@example.com,Basic,Reports,11,3,Australia,Tablet,Trial
ACT_0276,2025-07-13,USER_7491,userUSER_7491@example.com,Pro,Dashboard,103,10,UK,Mobile,Active
ACT_0277,2025-03-05,USER_3494,userUSER_3494@example.com,Enterprise,Export,96,2,USA,Desktop,Active
ACT_0278,2025-07-13,USER_4331,userUSER_4331@example.com,Free,Dashboard,116,17,Germany,Mobile,Trial
ACT_0279,2025-04-12,USER_1070,userUSER_1070@example.com,Basic,API,69,14,India,Desktop,Active
ACT_0280,2025-05-13,USER_6042,userUSER_6042@example.com,Enterprise,Analytics,76,12,Germany,Desktop,Trial
ACT_0281,2025-07-25,USER_1247,userUSER_1247@example.com,Free,Reports,113,7,UK,Tablet,Expired
ACT_0282,2025-02-26,USER_5536,userUSER_5536@example.com,Pro,API,29,4,Germany,Desktop,Expired
ACT_0283,2025-05-27,USER_3315,userUSER_3315@example.com,Pro,Export,69,1,Germany,Desktop,Expired
ACT_0284,2025-02-14,USER_6539,userUSER_6539@example.com,Basic,Analytics,51,9,Germany,Desktop,Expired
ACT_0285,2025-04-28,USER_1332,userUSER_1332@example.com,Enterprise,Reports,48,12,Australia,Desktop,Cancelled
ACT_0286,2025-08-08,USER_5126,userUSER_5126@example.com,Enterprise,API,24,13,Australia,Mobile,Trial
ACT_0287,2025-05-30,USER_4781,userUSER_4781@example.com,Pro,Reports,53,17,Canada,Mobile,Trial
ACT_0288,2025-02-12,USER_3765,userUSER_3765@example.com,Enterprise,Analytics,88,19,India,Desktop,Cancelled
ACT_0289,2025-06-26,USER_6693,userUSER_6693@example.com,Free,Dashboard,83,19,Australia,Desktop,Active
ACT_0290,2025-05-12,USER_1790,userUSER_1790@example.com,Free,Dashboard,71,13,UK,Mobile,Active
ACT_0291,2025-06-11,USER_6455,userUSER_6455@example.com,Enterprise,Analytics,39,7,USA,Tablet,Trial
ACT_0292,2025-02-13,USER_6984,userUSER_6984@example.com,Basic,Reports,72,9,Canada,Mobile,Active
ACT_0293,2025-05-02,USER_1523,userUSER_1523@example.com,Enterprise,Export,33,13,Germany,Mobile,Trial
ACT_0294,2025-04-24,USER_1376,userUSER_1376@example.com,Basic,Reports,86,16,Germany,Desktop,Cancelled
ACT_0295,2025-04-01,USER_7123,userUSER_7123@example.com,Basic,Dashboard,8,9,Canada,Desktop,Cancelled
ACT_0296,2025-02-18,USER_4849,userUSER_4849@example.com,Basic,Export,59,3,Australia,Tablet,Expired
ACT_0297,2025-06-27,USER_2717,userUSER_2717@example.com,Pro,Export,114,1,USA,Desktop,Cancelled
ACT_0298,2025-07-13,USER_4522,userUSER_4522@example.com,Pro,Export,105,1,Canada,Mobile,Active
ACT_0299,2025-05-15,USER_7191,userUSER_7191@example.com,Basic,Reports,49,14,Australia,Tablet,Expired
ACT_0300,2025-04-24,USER_3348,userUSER_3348@example.com,Free,Dashboard,80,17,USA,Tablet,Active
ACT_0301,2025-05-08,USER_4058,userUSER_4058@example.com,Enterprise,Dashboard,15,17,UK,Tablet,Active
ACT_0302,2025-05-25,USER_9968,userUSER_9968@example.com,Free,Analytics,28,9,Canada,Desktop,Active
ACT_0303,2025-08-09,USER_3642,userUSER_3642@example.com,Enterprise,Dashboard,49,20,USA,Tablet,Cancelled
ACT_0304,2025-07-21,USER_8353,userUSER_8353@example.com,Enterprise,Reports,87,14,Germany,Tablet,Expired
ACT_0305,2025-06-06,USER_7269,userUSER_7269@example.com,Basic,Reports,111,13,UK,Mobile,Trial
ACT_0306,2025-04-26,USER_4936,userUSER_4936@example.com,Free,Dashboard,13,3,Germany,Tablet,Active
ACT_0307,2025-04-10,USER_1971,userUSER_1971@example.com,Enterprise,Reports,5,7,Germany,Tablet,Active
ACT_0308,2025-06-20,USER_6014,userUSER_6014@example.com,Basic,Analytics,96,6,UK,Tablet,Expired
ACT_0309,2025-07-31,USER_2529,userUSER_2529@example.com,Free,Reports,49,12,UK,Desktop,Expired
ACT_0310,2025-05-21,USER_5706,userUSER_5706@example.com,Free,Dashboard,94,12,Australia,Desktop,Trial
ACT_0311,2025-03-10,USER_9414,userUSER_9414@example.com,Pro,Analytics,38,14,Germany,Desktop,Trial
ACT_0312,2025-02-12,USER_6752,userUSER_6752@example.com,Pro,Dashboard,80,9,USA,Tablet,Expired
ACT_0313,2025-02-22,USER_5935,userUSER_5935@example.com,Enterprise,Analytics,108,20,Germany,Tablet,Cancelled
ACT_0314,2025-03-20,USER_3093,userUSER_3093@example.com,Enterprise,Analytics,9,5,Australia,Desktop,Trial
ACT_0315,2025-04-24,USER_5583,userUSER_5583@example.com,Pro,Analytics,105,17,India,Mobile,Trial
ACT_0316,2025-02-27,USER_2272,userUSER_2272@example.com,Free,Analytics,18,6,USA,Desktop,Cancelled
ACT_0317,2025-04-09,USER_4911,userUSER_4911@example.com,Basic,Export,16,20,India,Mobile,Trial
ACT_0318,2025-03-29,USER_6848,userUSER_6848@example.com,Enterprise,Dashboard,20,18,Australia,Tablet,Cancelled
ACT_0319,2025-06-18,USER_2435,userUSER_2435@example.com,Enterprise,Dashboard,115,19,UK,Desktop,Active
ACT_0320,2025-07-18,USER_3940,userUSER_3940@example.com,Basic,API,58,17,Canada,Mobile,Active
ACT_0321,2025-08-05,USER_9787,userUSER_9787@example.com,Free,Analytics,76,6,USA,Mobile,Expired
ACT_0322,2025-07-23,USER_9721,userUSER_9721@example.com,Free,Reports,38,9,India,Tablet,Trial
ACT_0323,2025-06-23,USER_3235,userUSER_3235@example.com,Pro,Dashboard,113,11,Australia,Desktop,Expired
ACT_0324,2025-04-02,USER_3160,userUSER_3160@example.com,Basic,Analytics,35,7,Germany,Tablet,Active
ACT_0325,2025-02-23,USER_1415,userUSER_1415@example.com,Free,Export,45,20,UK,Tablet,Cancelled
ACT_0326,2025-06-23,USER_1624,userUSER_1624@example.com,Pro,Analytics,19,19,Australia,Desktop,Trial
ACT_0327,2025-07-13,USER_3507,userUSER_3507@example.com,Basic,Export,73,17,Germany,Mobile,Active
ACT_0328,2025-04-24,USER_1422,userUSER_1422@example.com,Pro,Dashboard,56,8,USA,Desktop,Cancelled
ACT_0329,2025-07-03,USER_7212,userUSER_7212@example.com,Enterprise,Export,38,20,Australia,Tablet,Cancelled
ACT_0330,2025-07-23,USER_3373,userUSER_3373@example.com,Basic,API,29,11,Germany,Tablet,Expired
ACT_0331,2025-03-07,USER_6002,userUSER_6002@example.com,Free,Reports,25,3,UK,Desktop,Cancelled
ACT_0332,2025-05-31,USER_3860,userUSER_3860@example.com,Basic,Analytics,110,15,Australia,Desktop,Trial
ACT_0333,2025-03-03,USER_9617,userUSER_9617@example.com,Basic,Reports,74,11,USA,Desktop,Cancelled
ACT_0334,2025-02-23,USER_1170,userUSER_1170@example.com,Basic,Reports,85,18,USA,Tablet,Active
ACT_0335,2025-05-28,USER_8832,userUSER_8832@example.com,Basic,Analytics,120,4,UK,Desktop,Trial
ACT_0336,2025-07-14,USER_4452,userUSER_4452@example.com,Enterprise,Export,17,7,Canada,Tablet,Trial
ACT_0337,2025-06-08,USER_5935,userUSER_5935@example.com,Enterprise,API,93,9,Germany,Desktop,Active
ACT_0338,2025-03-24,USER_5393,userUSER_5393@example.com,Pro,Reports,99,2,India,Tablet,Expired
ACT_0339,2025-06-14,USER_8171,userUSER_8171@example.com,Pro,Dashboard,56,15,India,Tablet,Active
ACT_0340,2025-07-12,USER_2233,userUSER_2233@example.com,Free,Reports,36,15,USA,Mobile,Cancelled
ACT_0341,2025-07-09,USER_4418,userUSER_4418@example.com,Free,API,42,18,USA,Mobile,Cancelled
ACT_0342,2025-07-06,USER_9122,userUSER_9122@example.com,Free,Analytics,9,18,Canada,Mobile,Cancelled
ACT_0343,2025-02-16,USER_8020,userUSER_8020@example.com,Basic,API,43,13,Canada,Tablet,Trial
ACT_0344,2025-03-23,USER_7447,userUSER_7447@example.com,Basic,API,108,17,India,Tablet,Active
ACT_0345,2025-03-06,USER_2641,userUSER_2641@example.com,Pro,Reports,120,8,UK,Desktop,Active
ACT_0346,2025-07-22,USER_3507,userUSER_3507@example.com,Basic,Reports,61,15,UK,Desktop,Trial
ACT_0347,2025-05-01,USER_4044,userUSER_4044@example.com,Pro,Export,109,7,India,Tablet,Active
ACT_0348,2025-03-28,USER_9253,userUSER_9253@example.com,Free,Reports,46,20,India,Mobile,Expired
ACT_0349,2025-07-03,USER_1109,userUSER_1109@example.com,Pro,Dashboard,70,13,Canada,Desktop,Active
ACT_0350,2025-03-10,USER_1665,userUSER_1665@example.com,Basic,Export,32,18,USA,Mobile,Trial
ACT_0351,2025-08-03,USER_5460,userUSER_5460@example.com,Enterprise,Export,113,12,Canada,Tablet,Active
ACT_0352,2025-02-28,USER_2294,userUSER_2294@example.com,Free,Dashboard,26,3,Germany,Desktop,Cancelled
ACT_0353,2025-05-06,USER_6139,userUSER_6139@example.com,Enterprise,Export,96,17,Canada,Mobile,Cancelled
ACT_0354,2025-03-21,USER_1515,userUSER_1515@example.com,Free,Reports,82,14,USA,Mobile,Trial
ACT_0355,2025-05-28,USER_4660,userUSER_4660@example.com,Enterprise,Export,20,7,India,Mobile,Trial
ACT_0356,2025-03-25,USER_4694,userUSER_4694@example.com,Enterprise,Analytics,10,2,USA,Tablet,Cancelled
ACT_0357,2025-07-25,USER_2736,userUSER_2736@example.com,Basic,Dashboard,22,15,India,Tablet,Expired
ACT_0358,2025-03-01,USER_4394,userUSER_4394@example.com,Basic,API,42,16,UK,Mobile,Expired
ACT_0359,2025-06-24,USER_1515,userUSER_1515@example.com,Basic,Analytics,71,16,USA,Tablet,Expired
ACT_0360,2025-07-29,USER_3154,userUSER_3154@example.com,Enterprise,API,111,3,USA,Desktop,Expired
ACT_0361,2025-05-24,USER_5143,userUSER_5143@example.com,Free,Dashboard,103,9,USA,Desktop,Cancelled
ACT_0362,2025-08-08,USER_4259,userUSER_4259@example.com,Enterprise,Reports,115,5,USA,Mobile,Active
ACT_0363,2025-07-07,USER_1861,userUSER_1861@example.com,Pro,Reports,55,19,Australia,Tablet,Expired
ACT_0364,2025-05-07,USER_1478,userUSER_1478@example.com,Pro,Export,13,7,India,Tablet,Expired
ACT_0365,2025-03-26,USER_4655,userUSER_4655@example.com,Pro,Analytics,87,20,USA,Mobile,Expired
ACT_0366,2025-03-01,USER_2133,userUSER_2133@example.com,Pro,Analytics,39,2,Canada,Desktop,Cancelled
ACT_0367,2025-08-01,USER_5938,userUSER_5938@example.com,Basic,Reports,104,8,India,Mobile,Cancelled
ACT_0368,2025-02-23,USER_3653,userUSER_3653@example.com,Pro,Reports,24,10,Canada,Tablet,Cancelled
ACT_0369,2025-06-09,USER_5814,userUSER_5814@example.com,Enterprise,API,76,9,Germany,Desktop,Cancelled
ACT_0370,2025-04-11,USER_1698,userUSER_1698@example.com,Pro,API,13,5,India,Desktop,Cancelled
ACT_0371,2025-05-14,USER_5250,userUSER_5250@example.com,Free,API,40,18,UK,Tablet,Trial
ACT_0372,2025-05-15,USER_2350,userUSER_2350@example.com,Pro,API,120,16,Australia,Desktop,Active
ACT_0373,2025-05-24,USER_6948,userUSER_6948@example.com,Free,Analytics,103,18,India,Mobile,Cancelled
ACT_0374,2025-05-22,USER_7800,userUSER_7800@example.com,Enterprise,API,19,19,Canada,Tablet,Trial
ACT_0375,2025-04-23,USER_1378,userUSER_1378@example.com,Free,Dashboard,32,16,Canada,Tablet,Trial
ACT_0376,2025-04-19,USER_9570,userUSER_9570@example.com,Free,Dashboard,28,10,UK,Mobile,Cancelled
ACT_0377,2025-07-10,USER_3617,userUSER_3617@example.com,Free,Analytics,93,10,India,Mobile,Trial
ACT_0378,2025-04-03,USER_2188,userUSER_2188@example.com,Basic,API,116,12,Australia,Mobile,Active
ACT_0379,2025-04-16,USER_3819,userUSER_3819@example.com,Basic,Dashboard,32,17,UK,Mobile,Trial
ACT_0380,2025-07-04,USER_8624,userUSER_8624@example.com,Free,Analytics,35,5,Germany,Desktop,Expired
ACT_0381,2025-04-17,USER_4779,userUSER_4779@example.com,Pro,Export,30,15,UK,Mobile,Expired
ACT_0382,2025-06-11,USER_8890,userUSER_8890@example.com,Pro,Export,110,18,USA,Mobile,Expired
ACT_0383,2025-07-08,USER_2023,userUSER_2023@example.com,Free,Analytics,70,12,UK,Desktop,Cancelled
ACT_0384,2025-07-04,USER_4178,userUSER_4178@example.com,Enterprise,Reports,5,14,UK,Mobile,Active
ACT_0385,2025-07-07,USER_1466,userUSER_1466@example.com,Enterprise,Analytics,39,5,Australia,Desktop,Cancelled
ACT_0386,2025-02-14,USER_6269,userUSER_6269@example.com,Pro,API,74,9,Germany,Mobile,Active
ACT_0387,2025-05-25,USER_8387,userUSER_8387@example.com,Pro,API,29,14,USA,Mobile,Cancelled
ACT_0388,2025-04-04,USER_8234,userUSER_8234@example.com,Pro,API,29,4,Canada,Mobile,Cancelled
ACT_0389,2025-07-19,USER_9179,userUSER_9179@example.com,Enterprise,Reports,56,1,UK,Mobile,Expired
ACT_0390,2025-04-30,USER_2575,userUSER_2575@example.com,Enterprise,Dashboard,98,15,Germany,Desktop,Cancelled
ACT_0391,2025-05-23,USER_5958,userUSER_5958@example.com,Free,Dashboard,74,14,Canada,Tablet,Expired
ACT_0392,2025-03-19,USER_5999,userUSER_5999@example.com,Free,Reports,15,16,Canada,Desktop,Expired
ACT_0393,2025-02-26,USER_2686,userUSER_2686@example.com,Free,Export,98,7,India,Tablet,Expired
ACT_0394,2025-05-05,USER_5569,userUSER_5569@example.com,Enterprise,Export,46,10,Germany,Desktop,Trial
ACT_0395,2025-04-15,USER_5002,userUSER_5002@example.com,Basic,Export,68,17,Germany,Mobile,Active
ACT_0396,2025-07-13,USER_9282,userUSER_9282@example.com,Pro,Analytics,116,8,Australia,Desktop,Trial
ACT_0397,2025-07-02,USER_7719,userUSER_7719@example.com,Basic,Reports,68,10,Australia,Tablet,Expired
ACT_0398,2025-06-12,USER_9829,userUSER_9829@example.com,Basic,Analytics,92,3,Germany,Desktop,Expired
ACT_0399,2025-04-08,USER_7414,userUSER_7414@example.com,Basic,Export,46,14,UK,Tablet,Expired
ACT_0400,2025-04-14,USER_9080,userUSER_9080@example.com,Pro,Reports,80,1,Canada,Tablet,Cancelled
ACT_0401,2025-07-30,USER_9740,userUSER_9740@example.com,Basic,Analytics,35,4,Australia,Tablet,Active
ACT_0402,2025-02-21,USER_1312,userUSER_1312@example.com,Enterprise,Reports,19,9,UK,Mobile,Active
ACT_0403,2025-07-15,USER_5703,userUSER_5703@example.com,Free,API,18,2,Canada,Desktop,Active
ACT_0404,2025-02-28,USER_7947,userUSER_7947@example.com,Free,API,74,9,Germany,Desktop,Active
ACT_0405,2025-02-22,USER_1318,userUSER_1318@example.com,Enterprise,Dashboard,108,11,Australia,Tablet,Trial
ACT_0406,2025-04-23,USER_4434,userUSER_4434@example.com,Enterprise,Analytics,94,2,Australia,Tablet,Trial
ACT_0407,2025-07-11,USER_5875,userUSER_5875@example.com,Basic,Analytics,61,2,India,Tablet,Trial
ACT_0408,2025-03-24,USER_8305,userUSER_8305@example.com,Basic,Reports,104,4,UK,Mobile,Trial
ACT_0409,2025-05-24,USER_5817,userUSER_5817@example.com,Basic,Export,76,10,Germany,Mobile,Trial
ACT_0410,2025-02-26,USER_1901,userUSER_1901@example.com,Basic,Export,99,20,USA,Desktop,Trial
ACT_0411,2025-04-21,USER_5584,userUSER_5584@example.com,Enterprise,Reports,80,11,Germany,Desktop,Cancelled
ACT_0412,2025-06-06,USER_5373,userUSER_5373@example.com,Free,Export,95,10,UK,Tablet,Expired
ACT_0413,2025-04-10,USER_2943,userUSER_2943@example.com,Basic,Dashboard,118,18,India,Desktop,Active
ACT_0414,2025-06-08,USER_5464,userUSER_5464@example.com,Free,Dashboard,50,11,India,Mobile,Active
ACT_0415,2025-06-28,USER_2513,userUSER_2513@example.com,Enterprise,Analytics,46,17,Canada,Desktop,Cancelled
ACT_0416,2025-06-14,USER_9144,userUSER_9144@example.com,Free,Dashboard,100,16,Canada,Desktop,Cancelled
ACT_0417,2025-04-09,USER_5295,userUSER_5295@example.com,Enterprise,API,39,10,USA,Desktop,Trial
ACT_0418,2025-05-03,USER_8717,userUSER_8717@example.com,Free,Reports,93,16,Canada,Tablet,Cancelled
ACT_0419,2025-06-24,USER_2767,userUSER_2767@example.com,Free,Analytics,116,2,USA,Desktop,Cancelled
ACT_0420,2025-05-23,USER_2152,userUSER_2152@example.com,Basic,API,60,14,USA,Tablet,Cancelled
ACT_0421,2025-03-06,USER_2954,userUSER_2954@example.com,Basic,Dashboard,79,9,Australia,Tablet,Expired
ACT_0422,2025-06-28,USER_1782,userUSER_1782@example.com,Enterprise,Reports,50,17,UK,Mobile,Trial
ACT_0423,2025-05-05,USER_7887,userUSER_7887@example.com,Free,Export,38,19,Australia,Mobile,Active
ACT_0424,2025-03-21,USER_8554,userUSER_8554@example.com,Enterprise,Dashboard,62,19,India,Tablet,Expired
ACT_0425,2025-02-28,USER_6178,userUSER_6178@example.com,Enterprise,Dashboard,98,17,Canada,Desktop,Cancelled
ACT_0426,2025-08-10,USER_4397,userUSER_4397@example.com,Pro,Export,79,2,UK,Mobile,Cancelled
ACT_0427,2025-07-06,USER_2582,userUSER_2582@example.com,Pro,Export,7,19,India,Tablet,Trial
ACT_0428,2025-06-28,USER_3992,userUSER_3992@example.com,Pro,API,81,1,Australia,Mobile,Expired
ACT_0429,2025-02-14,USER_8949,userUSER_8949@example.com,Enterprise,Dashboard,40,12,India,Tablet,Expired
ACT_0430,2025-02-14,USER_8699,userUSER_8699@example.com,Enterprise,Dashboard,64,10,India,Mobile,Expired
ACT_0431,2025-07-17,USER_1886,userUSER_1886@example.com,Basic,Reports,20,20,UK,Mobile,Trial
ACT_0432,2025-07-03,USER_9473,userUSER_9473@example.com,Pro,Reports,102,16,USA,Mobile,Expired
ACT_0433,2025-03-02,USER_1528,userUSER_1528@example.com,Enterprise,API,112,7,USA,Mobile,Trial
ACT_0434,2025-04-12,USER_9873,userUSER_9873@example.com,Free,Dashboard,59,13,Canada,Desktop,Active
ACT_0435,2025-03-24,USER_2167,userUSER_2167@example.com,Pro,Reports,38,14,Australia,Mobile,Cancelled
ACT_0436,2025-02-22,USER_2575,userUSER_2575@example.com,Pro,Export,75,3,Germany,Desktop,Cancelled
ACT_0437,2025-05-26,USER_6291,userUSER_6291@example.com,Pro,Dashboard,104,2,Canada,Mobile,Active
ACT_0438,2025-08-09,USER_5063,userUSER_5063@example.com,Enterprise,Export,54,6,Canada,Desktop,Active
ACT_0439,2025-05-16,USER_5359,userUSER_5359@example.com,Enterprise,Dashboard,15,13,Australia,Desktop,Active
ACT_0440,2025-04-02,USER_6591,userUSER_6591@example.com,Pro,Reports,111,19,Germany,Mobile,Trial
ACT_0441,2025-06-20,USER_2098,userUSER_2098@example.com,Enterprise,Reports,78,3,USA,Tablet,Cancelled
ACT_0442,2025-06-09,USER_6318,userUSER_6318@example.com,Pro,Export,37,16,Canada,Mobile,Expired
ACT_0443,2025-02-21,USER_2486,userUSER_2486@example.com,Free,Dashboard,70,10,Germany,Mobile,Active
ACT_0444,2025-04-08,USER_9888,userUSER_9888@example.com,Free,API,7,13,UK,Desktop,Cancelled
ACT_0445,2025-06-10,USER_2196,userUSER_2196@example.com,Pro,Dashboard,11,14,UK,Mobile,Expired
ACT_0446,2025-03-31,USER_9647,userUSER_9647@example.com,Free,API,53,6,Germany,Mobile,Active
ACT_0447,2025-06-04,USER_1285,userUSER_1285@example.com,Pro,Analytics,43,2,Germany,Desktop,Cancelled
ACT_0448,2025-04-19,USER_3294,userUSER_3294@example.com,Enterprise,Reports,103,20,Canada,Mobile,Expired
ACT_0449,2025-05-13,USER_9067,userUSER_9067@example.com,Enterprise,Analytics,58,7,India,Desktop,Expired
ACT_0450,2025-05-27,USER_8531,userUSER_8531@example.com,Free,API,72,15,Australia,Mobile,Active
ACT_0451,2025-03-31,USER_4533,userUSER_4533@example.com,Basic,Export,70,14,Canada,Tablet,Active
ACT_0452,2025-04-21,USER_7298,userUSER_7298@example.com,Basic,Dashboard,114,10,Germany,Tablet,Cancelled
ACT_0453,2025-03-07,USER_6196,userUSER_6196@example.com,Pro,Analytics,44,20,Germany,Mobile,Trial
ACT_0454,2025-07-08,USER_9544,userUSER_9544@example.com,Enterprise,Export,120,2,UK,Tablet,Trial
ACT_0455,2025-05-18,USER_5789,userUSER_5789@example.com,Enterprise,Export,18,19,USA,Mobile,Active
ACT_0456,2025-03-31,USER_8447,userUSER_8447@example.com,Basic,API,86,19,UK,Mobile,Expired
ACT_0457,2025-02-23,USER_6052,userUSER_6052@example.com,Basic,API,52,9,Germany,Desktop,Active
ACT_0458,2025-06-21,USER_4734,userUSER_4734@example.com,Free,Reports,65,20,USA,Desktop,Trial
ACT_0459,2025-04-30,USER_1949,userUSER_1949@example.com,Pro,Export,80,14,Australia,Mobile,Trial
ACT_0460,2025-07-14,USER_5684,userUSER_5684@example.com,Pro,API,43,20,USA,Mobile,Active
ACT_0461,2025-04-09,USER_9301,userUSER_9301@example.com,Enterprise,Dashboard,22,11,UK,Desktop,Cancelled
ACT_0462,2025-05-25,USER_5335,userUSER_5335@example.com,Free,API,19,18,Canada,Tablet,Cancelled
ACT_0463,2025-03-09,USER_4132,userUSER_4132@example.com,Basic,Export,32,5,India,Desktop,Expired
ACT_0464,2025-04-08,USER_7220,userUSER_7220@example.com,Pro,Export,34,17,UK,Tablet,Active
ACT_0465,2025-04-01,USER_7134,userUSER_7134@example.com,Free,Analytics,65,11,USA,Tablet,Active
ACT_0466,2025-05-01,USER_4050,userUSER_4050@example.com,Free,Reports,43,9,India,Desktop,Expired
ACT_0467,2025-06-29,USER_6878,userUSER_6878@example.com,Enterprise,Reports,113,6,India,Mobile,Active
ACT_0468,2025-07-10,USER_8423,userUSER_8423@example.com,Pro,Reports,28,20,India,Mobile,Trial
ACT_0469,2025-07-31,USER_8097,userUSER_8097@example.com,Enterprise,API,53,5,UK,Mobile,Active
ACT_0470,2025-05-30,USER_7082,userUSER_7082@example.com,Free,Reports,85,14,UK,Mobile,Trial
ACT_0471,2025-07-19,USER_9200,userUSER_9200@example.com,Enterprise,Analytics,8,11,India,Desktop,Trial
ACT_0472,2025-08-03,USER_3849,userUSER_3849@example.com,Free,API,44,14,Germany,Tablet,Cancelled
ACT_0473,2025-05-08,USER_7780,userUSER_7780@example.com,Pro,Analytics,85,15,Germany,Tablet,Expired
ACT_0474,2025-03-31,USER_6709,userUSER_6709@example.com,Enterprise,Reports,63,18,India,Tablet,Trial
ACT_0475,2025-08-07,USER_2251,userUSER_2251@example.com,Enterprise,Export,18,5,Canada,Tablet,Trial
ACT_0476,2025-06-19,USER_6865,userUSER_6865@example.com,Basic,Reports,86,4,USA,Tablet,Trial
ACT_0477,2025-06-29,USER_5416,userUSER_5416@example.com,Enterprise,Export,77,8,Australia,Mobile,Trial
ACT_0478,2025-02-14,USER_2519,userUSER_2519@example.com,Enterprise,Export,118,15,Germany,Mobile,Expired
ACT_0479,2025-03-05,USER_5888,userUSER_5888@example.com,Pro,Reports,79,11,USA,Mobile,Expired
ACT_0480,2025-07-07,USER_6295,userUSER_6295@example.com,Enterprise,Dashboard,15,7,Canada,Desktop,Cancelled
ACT_0481,2025-05-08,USER_7416,userUSER_7416@example.com,Enterprise,Dashboard,51,13,USA,Desktop,Trial
ACT_0482,2025-04-25,USER_2231,userUSER_2231@example.com,Pro,Reports,34,2,India,Mobile,Cancelled
ACT_0483,2025-07-28,USER_7840,userUSER_7840@example.com,Enterprise,Dashboard,14,7,Germany,Mobile,Trial
ACT_0484,2025-02-18,USER_3356,userUSER_3356@example.com,Pro,API,40,11,USA,Mobile,Expired
ACT_0485,2025-04-03,USER_5829,userUSER_5829@example.com,Free,API,53,14,India,Mobile,Trial
ACT_0486,2025-06-09,USER_7252,userUSER_7252@example.com,Basic,Reports,51,11,India,Tablet,Expired
ACT_0487,2025-06-11,USER_7171,userUSER_7171@example.com,Free,Analytics,102,9,India,Tablet,Cancelled
ACT_0488,2025-08-03,USER_8618,userUSER_8618@example.com,Free,Analytics,88,1,Canada,Mobile,Cancelled
ACT_0489,2025-08-03,USER_8149,userUSER_8149@example.com,Pro,Reports,34,8,Germany,Mobile,Expired
ACT_0490,2025-02-12,USER_9072,userUSER_9072@example.com,Basic,Analytics,78,12,India,Mobile,Active
ACT_0491,2025-02-24,USER_5677,userUSER_5677@example.com,Basic,Dashboard,64,4,UK,Mobile,Expired
ACT_0492,2025-07-19,USER_4339,userUSER_4339@example.com,Basic,API,106,16,UK,Desktop,Cancelled
ACT_0493,2025-02-21,USER_2617,userUSER_2617@example.com,Basic,Analytics,107,20,USA,Desktop,Cancelled
ACT_0494,2025-05-24,USER_4549,userUSER_4549@example.com,Basic,Dashboard,9,15,Canada,Mobile,Trial
ACT_0495,2025-06-26,USER_8154,userUSER_8154@example.com,Free,Analytics,116,1,Canada,Tablet,Cancelled
ACT_0496,2025-04-14,USER_1220,userUSER_1220@example.com,Basic,Analytics,46,10,Canada,Mobile,Expired
ACT_0497,2025-08-10,USER_5578,userUSER_5578@example.com,Enterprise,Dashboard,87,11,Germany,Desktop,Active
ACT_0498,2025-05-11,USER_7102,userUSER_7102@example.com,Enterprise,API,107,16,USA,Desktop,Cancelled
ACT_0499,2025-06-18,USER_6531,userUSER_6531@example.com,Free,Analytics,113,7,Canada,Tablet,Expired
ACT_0500,2025-03-16,USER_9153,userUSER_9153@example.com,Basic,Analytics,14,13,USA,Mobile,Expired
ACT_0501,2025-03-29,USER_6952,userUSER_6952@example.com,Enterprise,Export,94,17,Germany,Mobile,Expired
ACT_0502,2025-04-26,USER_7927,userUSER_7927@example.com,Pro,Analytics,11,10,India,Mobile,Expired
ACT_0503,2025-07-16,USER_3287,userUSER_3287@example.com,Enterprise,Reports,118,5,Australia,Mobile,Cancelled
ACT_0504,2025-02-25,USER_1606,userUSER_1606@example.com,Enterprise,Export,29,16,USA,Tablet,Cancelled
ACT_0505,2025-03-14,USER_8353,userUSER_8353@example.com,Enterprise,Reports,11,9,USA,Tablet,Active
ACT_0506,2025-05-22,USER_7660,userUSER_7660@example.com,Pro,API,25,11,USA,Desktop,Active
ACT_0507,2025-03-06,USER_9465,userUSER_9465@example.com,Enterprise,Reports,46,1,Canada,Desktop,Active
ACT_0508,2025-07-13,USER_9407,userUSER_9407@example.com,Free,API,82,11,USA,Desktop,Cancelled
ACT_0509,2025-05-22,USER_5568,userUSER_5568@example.com,Enterprise,Dashboard,113,17,Australia,Mobile,Trial
ACT_0510,2025-05-23,USER_7649,userUSER_7649@example.com,Pro,API,15,8,Canada,Tablet,Cancelled
ACT_0511,2025-05-12,USER_3469,userUSER_3469@example.com,Enterprise,Dashboard,23,7,India,Desktop,Expired
ACT_0512,2025-03-27,USER_2276,userUSER_2276@example.com,Enterprise,Reports,72,18,Germany,Mobile,Active
ACT_0513,2025-02-28,USER_7738,userUSER_7738@example.com,Enterprise,Dashboard,37,8,Germany,Mobile,Expired
ACT_0514,2025-04-03,USER_7681,userUSER_7681@example.com,Enterprise,Export,66,18,Germany,Mobile,Expired
ACT_0515,2025-03-30,USER_5293,userUSER_5293@example.com,Free,Dashboard,73,3,USA,Tablet,Active
ACT_0516,2025-07-17,USER_6467,userUSER_6467@example.com,Free,Dashboard,51,19,Germany,Desktop,Expired
ACT_0517,2025-04-06,USER_9316,userUSER_9316@example.com,Enterprise,Analytics,70,19,USA,Mobile,Trial
ACT_0518,2025-05-26,USER_1412,userUSER_1412@example.com,Free,API,103,20,India,Tablet,Trial
ACT_0519,2025-04-17,USER_8314,userUSER_8314@example.com,Free,API,57,3,USA,Mobile,Active
ACT_0520,2025-05-08,USER_4907,userUSER_4907@example.com,Free,Reports,40,3,UK,Desktop,Expired
ACT_0521,2025-07-21,USER_3923,userUSER_3923@example.com,Pro,API,92,12,India,Mobile,Expired
ACT_0522,2025-05-26,USER_1248,userUSER_1248@example.com,Basic,Export,108,19,India,Mobile,Trial
ACT_0523,2025-08-05,USER_8290,userUSER_8290@example.com,Pro,Analytics,105,15,Germany,Mobile,Active
ACT_0524,2025-03-16,USER_7075,userUSER_7075@example.com,Enterprise,Dashboard,71,18,Canada,Mobile,Active
ACT_0525,2025-03-02,USER_8874,userUSER_8874@example.com,Free,Reports,74,11,Australia,Desktop,Trial
ACT_0526,2025-08-06,USER_3202,userUSER_3202@example.com,Basic,Reports,21,15,UK,Desktop,Cancelled
ACT_0527,2025-04-29,USER_3355,userUSER_3355@example.com,Basic,Reports,115,13,Canada,Tablet,Expired
ACT_0528,2025-03-15,USER_6536,userUSER_6536@example.com,Free,Reports,87,7,USA,Desktop,Cancelled
ACT_0529,2025-03-23,USER_1143,userUSER_1143@example.com,Basic,Dashboard,67,3,Germany,Mobile,Trial
ACT_0530,2025-08-05,USER_1943,userUSER_1943@example.com,Free,Reports,28,12,India,Tablet,Trial
ACT_0531,2025-06-06,USER_5450,userUSER_5450@example.com,Enterprise,Export,17,14,UK,Desktop,Expired
ACT_0532,2025-04-18,USER_7024,userUSER_7024@example.com,Basic,Export,58,3,UK,Mobile,Cancelled
ACT_0533,2025-03-13,USER_1451,userUSER_1451@example.com,Pro,Analytics,58,7,UK,Desktop,Cancelled
ACT_0534,2025-04-25,USER_7265,userUSER_7265@example.com,Pro,API,111,16,USA,Desktop,Cancelled
ACT_0535,2025-04-03,USER_4472,userUSER_4472@example.com,Basic,Dashboard,21,10,Australia,Tablet,Cancelled
ACT_0536,2025-07-30,USER_6990,userUSER_6990@example.com,Pro,Export,102,6,UK,Tablet,Cancelled
ACT_0537,2025-04-11,USER_9938,userUSER_9938@example.com,Pro,Analytics,107,6,Germany,Tablet,Cancelled
ACT_0538,2025-04-03,USER_7024,userUSER_7024@example.com,Enterprise,Analytics,109,1,India,Desktop,Active
ACT_0539,2025-07-26,USER_4766,userUSER_4766@example.com,Pro,Analytics,28,17,USA,Mobile,Expired
ACT_0540,2025-06-05,USER_7276,userUSER_7276@example.com,Pro,API,72,17,Germany,Tablet,Cancelled
ACT_0541,2025-03-07,USER_4190,userUSER_4190@example.com,Basic,Export,15,16,USA,Desktop,Trial
ACT_0542,2025-07-14,USER_6383,userUSER_6383@example.com,Pro,Analytics,64,13,Australia,Mobile,Cancelled
ACT_0543,2025-07-12,USER_5349,userUSER_5349@example.com,Enterprise,API,113,12,Germany,Mobile,Cancelled
ACT_0544,2025-05-07,USER_6116,userUSER_6116@example.com,Enterprise,Analytics,84,15,Australia,Mobile,Trial
ACT_0545,2025-03-25,USER_4263,userUSER_4263@example.com,Enterprise,Dashboard,19,5,India,Mobile,Cancelled
ACT_0546,2025-04-26,USER_9223,userUSER_9223@example.com,Pro,Reports,63,14,India,Desktop,Expired
ACT_0547,2025-04-14,USER_7203,userUSER_7203@example.com,Enterprise,API,13,17,Germany,Mobile,Trial
ACT_0548,2025-04-08,USER_8102,userUSER_8102@example.com,Pro,Reports,87,5,Australia,Tablet,Trial
ACT_0549,2025-04-21,USER_2889,userUSER_2889@example.com,Enterprise,Reports,108,9,USA,Mobile,Cancelled
ACT_0550,2025-02-25,USER_6215,userUSER_6215@example.com,Basic,Analytics,84,11,Australia,Mobile,Active
ACT_0551,2025-04-05,USER_4529,userUSER_4529@example.com,Pro,API,116,11,Germany,Mobile,Expired
ACT_0552,2025-08-08,USER_9791,userUSER_9791@example.com,Enterprise,Reports,67,17,Canada,Tablet,Trial
ACT_0553,2025-06-01,USER_6384,userUSER_6384@example.com,Free,API,39,10,Australia,Mobile,Trial
ACT_0554,2025-03-01,USER_4693,userUSER_4693@example.com,Pro,Dashboard,17,13,Australia,Mobile,Expired
ACT_0555,2025-06-24,USER_7540,userUSER_7540@example.com,Pro,Analytics,14,19,Australia,Tablet,Trial
ACT_0556,2025-05-20,USER_2763,userUSER_2763@example.com,Pro,Reports,107,5,UK,Tablet,Cancelled
ACT_0557,2025-04-10,USER_7317,userUSER_7317@example.com,Enterprise,API,80,10,Germany,Tablet,Trial
ACT_0558,2025-03-19,USER_5580,userUSER_5580@example.com,Basic,API,79,4,UK,Desktop,Active
ACT_0559,2025-07-14,USER_1467,userUSER_1467@example.com,Basic,Export,15,14,UK,Desktop,Cancelled
ACT_0560,2025-06-12,USER_8002,userUSER_8002@example.com,Enterprise,Export,39,9,UK,Mobile,Cancelled
ACT_0561,2025-06-19,USER_2851,userUSER_2851@example.com,Pro,API,5,6,Germany,Desktop,Active
ACT_0562,2025-07-15,USER_1555,userUSER_1555@example.com,Basic,API,84,5,Germany,Mobile,Active
ACT_0563,2025-05-28,USER_6762,userUSER_6762@example.com,Free,Export,35,10,Germany,Tablet,Active
ACT_0564,2025-04-05,USER_2899,userUSER_2899@example.com,Basic,Export,116,18,India,Desktop,Trial
ACT_0565,2025-07-03,USER_8447,userUSER_8447@example.com,Basic,Analytics,40,12,India,Desktop,Active
ACT_0566,2025-06-29,USER_4513,userUSER_4513@example.com,Basic,Dashboard,93,1,Germany,Tablet,Cancelled
ACT_0567,2025-02-21,USER_6610,userUSER_6610@example.com,Basic,Dashboard,13,15,India,Desktop,Expired
ACT_0568,2025-05-27,USER_9653,userUSER_9653@example.com,Basic,Reports,40,1,India,Tablet,Active
ACT_0569,2025-06-20,USER_3100,userUSER_3100@example.com,Enterprise,Export,45,3,Germany,Desktop,Expired
ACT_0570,2025-03-18,USER_4675,userUSER_4675@example.com,Free,Dashboard,85,4,USA,Desktop,Active
ACT_0571,2025-04-07,USER_8487,userUSER_8487@example.com,Basic,API,119,10,Germany,Tablet,Active
ACT_0572,2025-05-28,USER_2850,userUSER_2850@example.com,Enterprise,API,57,10,Canada,Desktop,Trial
ACT_0573,2025-07-02,USER_9124,userUSER_9124@example.com,Enterprise,Dashboard,115,15,USA,Mobile,Expired
ACT_0574,2025-06-10,USER_6796,userUSER_6796@example.com,Free,Analytics,107,5,Canada,Desktop,Cancelled
ACT_0575,2025-05-31,USER_7314,userUSER_7314@example.com,Pro,Dashboard,28,2,India,Mobile,Expired
ACT_0576,2025-07-01,USER_8274,userUSER_8274@example.com,Enterprise,Dashboard,9,13,UK,Mobile,Expired
ACT_0577,2025-04-13,USER_6653,userUSER_6653@example.com,Pro,Analytics,96,4,USA,Desktop,Active
ACT_0578,2025-02-18,USER_6887,userUSER_6887@example.com,Free,Dashboard,5,7,Germany,Tablet,Expired
ACT_0579,2025-07-11,USER_3603,userUSER_3603@example.com,Pro,Export,62,20,Canada,Mobile,Cancelled
ACT_0580,2025-04-17,USER_8092,userUSER_8092@example.com,Pro,Dashboard,99,20,UK,Tablet,Active
ACT_0581,2025-03-25,USER_7294,userUSER_7294@example.com,Pro,Reports,19,16,Germany,Tablet,Active
ACT_0582,2025-07-01,USER_1852,userUSER_1852@example.com,Basic,Dashboard,29,2,India,Mobile,Cancelled
ACT_0583,2025-05-13,USER_7081,userUSER_7081@example.com,Basic,API,8,7,Australia,Mobile,Expired
ACT_0584,2025-03-18,USER_1012,userUSER_1012@example.com,Free,Export,97,10,UK,Desktop,Expired
ACT_0585,2025-06-28,USER_6509,userUSER_6509@example.com,Free,Export,8,17,USA,Tablet,Expired
ACT_0586,2025-05-04,USER_2602,userUSER_2602@example.com,Pro,Dashboard,75,13,Canada,Desktop,Expired
ACT_0587,2025-07-10,USER_4574,userUSER_4574@example.com,Free,API,65,8,UK,Tablet,Cancelled
ACT_0588,2025-07-20,USER_7382,userUSER_7382@example.com,Pro,Reports,16,4,USA,Desktop,Expired
ACT_0589,2025-07-29,USER_3140,userUSER_3140@example.com,Pro,Analytics,80,12,Canada,Tablet,Cancelled
ACT_0590,2025-03-13,USER_7190,userUSER_7190@example.com,Pro,Reports,94,13,UK,Tablet,Active
ACT_0591,2025-08-05,USER_6340,userUSER_6340@example.com,Basic,Export,47,1,India,Mobile,Cancelled
ACT_0592,2025-07-11,USER_7026,userUSER_7026@example.com,Pro,Reports,92,14,Australia,Desktop,Cancelled
ACT_0593,2025-06-08,USER_7631,userUSER_7631@example.com,Enterprise,API,81,5,Australia,Tablet,Active
ACT_0594,2025-06-18,USER_3499,userUSER_3499@example.com,Enterprise,Analytics,111,5,Canada,Desktop,Expired
ACT_0595,2025-05-09,USER_4045,userUSER_4045@example.com,Enterprise,Dashboard,84,16,India,Desktop,Cancelled
ACT_0596,2025-02-17,USER_2189,userUSER_2189@example.com,Enterprise,API,24,20,UK,Mobile,Active
ACT_0597,2025-06-27,USER_4297,userUSER_4297@example.com,Basic,Analytics,61,1,Australia,Desktop,Expired
ACT_0598,2025-03-09,USER_2252,userUSER_2252@example.com,Pro,Analytics,15,11,USA,Mobile,Cancelled
ACT_0599,2025-03-10,USER_2472,userUSER_2472@example.com,Basic,API,40,19,Germany,Tablet,Trial
ACT_0600,2025-02-15,USER_3442,userUSER_3442@example.com,Pro,Export,48,7,India,Tablet,Trial
ACT_0601,2025-07-26,USER_5503,userUSER_5503@example.com,Basic,Export,69,18,Germany,Tablet,Cancelled
ACT_0602,2025-04-05,USER_8041,userUSER_8041@example.com,Free,Reports,31,10,Australia,Desktop,Expired
ACT_0603,2025-03-15,USER_1508,userUSER_1508@example.com,Pro,Export,117,9,UK,Desktop,Trial
ACT_0604,2025-02-12,USER_7035,userUSER_7035@example.com,Free,Export,17,12,India,Tablet,Cancelled
ACT_0605,2025-02-18,USER_7793,userUSER_7793@example.com,Pro,Export,50,20,Germany,Desktop,Trial
ACT_0606,2025-04-26,USER_7664,userUSER_7664@example.com,Free,API,16,9,India,Tablet,Active
ACT_0607,2025-06-11,USER_5793,userUSER_5793@example.com,Free,Reports,70,10,USA,Tablet,Active
ACT_0608,2025-08-04,USER_2477,userUSER_2477@example.com,Free,Analytics,119,18,Australia,Desktop,Active
ACT_0609,2025-04-08,USER_7132,userUSER_7132@example.com,Free,API,63,12,Canada,Mobile,Active
ACT_0610,2025-08-09,USER_4285,userUSER_4285@example.com,Basic,API,58,8,India,Desktop,Expired
ACT_0611,2025-03-07,USER_9736,userUSER_9736@example.com,Pro,API,8,8,USA,Tablet,Active
ACT_0612,2025-07-27,USER_4952,userUSER_4952@example.com,Enterprise,API,54,18,Australia,Mobile,Active
ACT_0613,2025-02-23,USER_7915,userUSER_7915@example.com,Pro,Reports,36,13,USA,Mobile,Expired
ACT_0614,2025-04-10,USER_1654,userUSER_1654@example.com,Basic,Export,17,15,UK,Mobile,Active
ACT_0615,2025-04-08,USER_7657,userUSER_7657@example.com,Enterprise,Analytics,102,14,UK,Mobile,Trial
ACT_0616,2025-08-07,USER_9187,userUSER_9187@example.com,Pro,Analytics,60,19,Australia,Tablet,Expired
ACT_0617,2025-03-31,USER_8046,userUSER_8046@example.com,Free,Analytics,20,12,India,Desktop,Active
ACT_0618,2025-05-31,USER_9122,userUSER_9122@example.com,Enterprise,Analytics,82,15,Germany,Desktop,Cancelled
ACT_0619,2025-02-13,USER_1873,userUSER_1873@example.com,Basic,Dashboard,16,11,UK,Mobile,Trial
ACT_0620,2025-06-27,USER_5813,userUSER_5813@example.com,Free,Dashboard,52,15,USA,Desktop,Expired
ACT_0621,2025-03-22,USER_8457,userUSER_8457@example.com,Enterprise,Reports,26,8,USA,Desktop,Expired
ACT_0622,2025-04-08,USER_5359,userUSER_5359@example.com,Free,Export,101,7,Canada,Desktop,Expired
ACT_0623,2025-03-15,USER_6926,userUSER_6926@example.com,Enterprise,Reports,45,1,USA,Desktop,Cancelled
ACT_0624,2025-05-18,USER_3907,userUSER_3907@example.com,Free,Dashboard,57,10,USA,Tablet,Active
ACT_0625,2025-07-10,USER_2630,userUSER_2630@example.com,Basic,Dashboard,24,2,Canada,Mobile,Trial
ACT_0626,2025-05-01,USER_5492,userUSER_5492@example.com,Pro,Dashboard,57,7,UK,Mobile,Active
ACT_0627,2025-04-04,USER_7706,userUSER_7706@example.com,Enterprise,Export,59,19,Australia,Desktop,Cancelled
ACT_0628,2025-07-27,USER_4875,userUSER_4875@example.com,Pro,Dashboard,37,16,USA,Mobile,Active
ACT_0629,2025-05-09,USER_3708,userUSER_3708@example.com,Basic,Export,117,13,USA,Mobile,Trial
ACT_0630,2025-06-07,USER_4046,userUSER_4046@example.com,Basic,Analytics,76,5,Australia,Desktop,Expired
ACT_0631,2025-02-16,USER_6349,userUSER_6349@example.com,Pro,Export,59,16,UK,Mobile,Cancelled
ACT_0632,2025-03-05,USER_2502,userUSER_2502@example.com,Basic,API,40,12,Germany,Desktop,Cancelled
ACT_0633,2025-03-01,USER_3299,userUSER_3299@example.com,Pro,API,116,1,Australia,Desktop,Trial
ACT_0634,2025-05-21,USER_5276,userUSER_5276@example.com,Free,Reports,39,7,Canada,Tablet,Expired
ACT_0635,2025-02-25,USER_2269,userUSER_2269@example.com,Enterprise,Analytics,57,1,USA,Mobile,Active
ACT_0636,2025-05-14,USER_3615,userUSER_3615@example.com,Free,Analytics,69,9,Australia,Mobile,Active
ACT_0637,2025-04-10,USER_9265,userUSER_9265@example.com,Free,Analytics,90,13,Canada,Mobile,Expired
ACT_0638,2025-08-01,USER_6881,userUSER_6881@example.com,Basic,API,98,4,USA,Tablet,Active
ACT_0639,2025-05-14,USER_8247,userUSER_8247@example.com,Free,API,58,8,USA,Desktop,Trial
ACT_0640,2025-07-02,USER_1524,userUSER_1524@example.com,Pro,Reports,15,16,USA,Desktop,Trial
ACT_0641,2025-04-25,USER_1285,userUSER_1285@example.com,Free,Export,60,17,USA,Tablet,Trial
ACT_0642,2025-07-26,USER_1900,userUSER_1900@example.com,Basic,Reports,48,3,Australia,Desktop,Active
ACT_0643,2025-03-29,USER_5344,userUSER_5344@example.com,Enterprise,API,120,6,USA,Mobile,Expired
ACT_0644,2025-03-10,USER_8357,userUSER_8357@example.com,Free,Reports,7,10,Australia,Mobile,Trial
ACT_0645,2025-02-13,USER_9829,userUSER_9829@example.com,Free,API,109,20,India,Tablet,Expired
ACT_0646,2025-05-22,USER_6180,userUSER_6180@example.com,Enterprise,Dashboard,18,3,India,Mobile,Expired
ACT_0647,2025-05-19,USER_8277,userUSER_8277@example.com,Pro,Reports,113,13,Australia,Desktop,Expired
ACT_0648,2025-02-26,USER_9474,userUSER_9474@example.com,Enterprise,Export,82,11,USA,Mobile,Trial
ACT_0649,2025-05-30,USER_8603,userUSER_8603@example.com,Pro,Reports,95,5,Australia,Mobile,Expired
ACT_0650,2025-03-23,USER_6192,userUSER_6192@example.com,Free,Dashboard,60,9,UK,Desktop,Active
ACT_0651,2025-03-30,USER_6506,userUSER_6506@example.com,Enterprise,API,118,13,Australia,Desktop,Expired
ACT_0652,2025-05-15,USER_4510,userUSER_4510@example.com,Pro,Export,75,18,USA,Tablet,Cancelled
ACT_0653,2025-06-04,USER_7189,userUSER_7189@example.com,Basic,Reports,24,13,Canada,Desktop,Cancelled
ACT_0654,2025-07-16,USER_6682,userUSER_6682@example.com,Pro,Export,38,14,UK,Desktop,Expired
ACT_0655,2025-03-15,USER_6647,userUSER_6647@example.com,Free,Reports,99,14,USA,Tablet,Active
ACT_0656,2025-08-02,USER_6636,userUSER_6636@example.com,Pro,Analytics,58,12,Germany,Mobile,Cancelled
ACT_0657,2025-03-16,USER_7333,userUSER_7333@example.com,Pro,Analytics,69,20,Germany,Tablet,Active
ACT_0658,2025-06-02,USER_8551,userUSER_8551@example.com,Basic,Dashboard,37,18,Germany,Tablet,Active
ACT_0659,2025-05-20,USER_9656,userUSER_9656@example.com,Enterprise,Reports,46,10,India,Mobile,Active
ACT_0660,2025-04-20,USER_2580,userUSER_2580@example.com,Pro,Reports,28,7,Germany,Mobile,Cancelled
ACT_0661,2025-02-13,USER_4097,userUSER_4097@example.com,Free,Export,102,3,UK,Tablet,Trial
ACT_0662,2025-02-24,USER_8008,userUSER_8008@example.com,Free,Reports,78,11,Canada,Desktop,Active
ACT_0663,2025-04-18,USER_8373,userUSER_8373@example.com,Pro,Dashboard,120,5,USA,Desktop,Expired
ACT_0664,2025-04-27,USER_1624,userUSER_1624@example.com,Basic,Dashboard,80,16,UK,Mobile,Cancelled
ACT_0665,2025-04-25,USER_1981,userUSER_1981@example.com,Free,Export,85,11,UK,Desktop,Cancelled
ACT_0666,2025-02-27,USER_9548,userUSER_9548@example.com,Free,Reports,11,5,Australia,Tablet,Cancelled
ACT_0667,2025-05-12,USER_3359,userUSER_3359@example.com,Basic,Analytics,36,10,UK,Tablet,Active
ACT_0668,2025-06-17,USER_6957,userUSER_6957@example.com,Pro,Export,98,19,Canada,Tablet,Trial
ACT_0669,2025-05-09,USER_6867,userUSER_6867@example.com,Basic,Dashboard,38,16,Australia,Tablet,Expired
ACT_0670,2025-04-23,USER_6920,userUSER_6920@example.com,Basic,Analytics,98,18,USA,Mobile,Trial
ACT_0671,2025-05-08,USER_8656,userUSER_8656@example.com,Free,API,17,6,UK,Tablet,Expired
ACT_0672,2025-06-04,USER_3965,userUSER_3965@example.com,Enterprise,Reports,113,17,Australia,Mobile,Expired
ACT_0673,2025-05-28,USER_3839,userUSER_3839@example.com,Enterprise,Reports,116,15,Australia,Desktop,Cancelled
ACT_0674,2025-04-18,USER_7497,userUSER_7497@example.com,Enterprise,Analytics,11,8,Germany,Desktop,Trial
ACT_0675,2025-02-11,USER_3196,userUSER_3196@example.com,Free,Analytics,45,6,Australia,Desktop,Cancelled
ACT_0676,2025-04-11,USER_8180,userUSER_8180@example.com,Enterprise,Analytics,107,8,USA,Tablet,Cancelled
ACT_0677,2025-05-28,USER_2719,userUSER_2719@example.com,Basic,Export,119,8,USA,Tablet,Expired
ACT_0678,2025-06-06,USER_7856,userUSER_7856@example.com,Pro,Reports,40,14,Germany,Desktop,Active
ACT_0679,2025-07-07,USER_7591,userUSER_7591@example.com,Basic,Export,96,9,USA,Tablet,Cancelled
ACT_0680,2025-06-06,USER_7824,userUSER_7824@example.com,Free,API,63,18,India,Desktop,Cancelled
ACT_0681,2025-04-21,USER_4311,userUSER_4311@example.com,Basic,Export,38,7,UK,Tablet,Active
ACT_0682,2025-07-30,USER_5716,userUSER_5716@example.com,Pro,Reports,93,14,UK,Tablet,Trial
ACT_0683,2025-02-24,USER_2330,userUSER_2330@example.com,Enterprise,Analytics,57,15,Germany,Desktop,Trial
ACT_0684,2025-04-04,USER_9245,userUSER_9245@example.com,Pro,Dashboard,73,8,India,Desktop,Cancelled
ACT_0685,2025-08-08,USER_6271,userUSER_6271@example.com,Free,Analytics,22,13,USA,Mobile,Cancelled
ACT_0686,2025-03-03,USER_5475,userUSER_5475@example.com,Free,Reports,69,6,USA,Tablet,Active
ACT_0687,2025-02-22,USER_6881,userUSER_6881@example.com,Pro,Reports,81,19,UK,Tablet,Active
ACT_0688,2025-06-22,USER_5657,userUSER_5657@example.com,Enterprise,Export,95,3,Australia,Tablet,Cancelled
ACT_0689,2025-04-21,USER_2840,userUSER_2840@example.com,Pro,Analytics,99,12,Australia,Desktop,Active
ACT_0690,2025-02-19,USER_9958,userUSER_9958@example.com,Pro,Analytics,58,10,USA,Mobile,Active
ACT_0691,2025-05-22,USER_1932,userUSER_1932@example.com,Pro,Reports,52,1,Germany,Tablet,Active
ACT_0692,2025-03-12,USER_2391,userUSER_2391@example.com,Pro,Dashboard,21,16,Germany,Desktop,Trial
ACT_0693,2025-04-13,USER_9213,userUSER_9213@example.com,Pro,Reports,30,6,UK,Desktop,Active
ACT_0694,2025-04-15,USER_6166,userUSER_6166@example.com,Free,Export,17,11,Canada,Tablet,Cancelled
ACT_0695,2025-07-04,USER_6229,userUSER_6229@example.com,Enterprise,Export,91,19,UK,Desktop,Cancelled
ACT_0696,2025-07-15,USER_3565,userUSER_3565@example.com,Free,Export,30,7,Australia,Tablet,Trial
ACT_0697,2025-03-24,USER_6008,userUSER_6008@example.com,Free,Analytics,110,4,Canada,Desktop,Expired
ACT_0698,2025-03-25,USER_6016,userUSER_6016@example.com,Pro,Reports,114,6,India,Desktop,Expired
ACT_0699,2025-03-12,USER_9418,userUSER_9418@example.com,Basic,Dashboard,83,20,Germany,Desktop,Expired
ACT_0700,2025-07-24,USER_7233,userUSER_7233@example.com,Enterprise,API,24,10,UK,Mobile,Trial
ACT_0701,2025-05-12,USER_4386,userUSER_4386@example.com,Free,Export,48,6,Canada,Mobile,Active
ACT_0702,2025-05-19,USER_9545,userUSER_9545@example.com,Enterprise,API,60,11,UK,Desktop,Active
ACT_0703,2025-05-19,USER_7408,userUSER_7408@example.com,Basic,Reports,115,8,Canada,Tablet,Cancelled
ACT_0704,2025-06-13,USER_8107,userUSER_8107@example.com,Pro,Export,32,8,Germany,Tablet,Active
ACT_0705,2025-06-28,USER_5020,userUSER_5020@example.com,Free,Export,115,3,USA,Tablet,Cancelled
ACT_0706,2025-05-17,USER_6891,userUSER_6891@example.com,Pro,Export,56,4,UK,Desktop,Trial
ACT_0707,2025-03-14,USER_5912,userUSER_5912@example.com,Free,Dashboard,10,7,India,Desktop,Active
ACT_0708,2025-03-11,USER_3296,userUSER_3296@example.com,Basic,Export,80,7,Australia,Mobile,Trial
ACT_0709,2025-03-12,USER_5849,userUSER_5849@example.com,Enterprise,API,71,3,USA,Mobile,Cancelled
ACT_0710,2025-06-11,USER_8059,userUSER_8059@example.com,Pro,Analytics,32,15,India,Desktop,Expired
ACT_0711,2025-07-31,USER_2920,userUSER_2920@example.com,Enterprise,Reports,104,17,Germany,Mobile,Expired
ACT_0712,2025-07-06,USER_8957,userUSER_8957@example.com,Free,Export,107,20,Canada,Desktop,Active
ACT_0713,2025-02-12,USER_2541,userUSER_2541@example.com,Basic,Export,87,16,Australia,Mobile,Active
ACT_0714,2025-03-21,USER_3634,userUSER_3634@example.com,Free,Export,77,6,Canada,Tablet,Active
ACT_0715,2025-07-25,USER_3292,userUSER_3292@example.com,Basic,API,36,14,UK,Desktop,Trial
ACT_0716,2025-04-27,USER_7328,userUSER_7328@example.com,Free,Reports,120,8,Canada,Tablet,Active
ACT_0717,2025-06-16,USER_4413,userUSER_4413@example.com,Pro,Export,81,17,UK,Tablet,Trial
ACT_0718,2025-06-01,USER_5941,userUSER_5941@example.com,Enterprise,Dashboard,115,8,Canada,Tablet,Active
ACT_0719,2025-02-23,USER_4401,userUSER_4401@example.com,Basic,Dashboard,50,13,India,Mobile,Expired
ACT_0720,2025-06-23,USER_3207,userUSER_3207@example.com,Pro,Export,119,11,Australia,Tablet,Cancelled
ACT_0721,2025-03-27,USER_2570,userUSER_2570@example.com,Pro,Dashboard,23,8,India,Mobile,Cancelled
ACT_0722,2025-04-13,USER_3836,userUSER_3836@example.com,Basic,Dashboard,103,4,India,Tablet,Active
ACT_0723,2025-03-02,USER_7410,userUSER_7410@example.com,Enterprise,Reports,78,1,Australia,Mobile,Active
ACT_0724,2025-06-05,USER_7231,userUSER_7231@example.com,Enterprise,Dashboard,102,19,India,Tablet,Trial
ACT_0725,2025-04-26,USER_6885,userUSER_6885@example.com,Free,Reports,98,12,UK,Tablet,Cancelled
ACT_0726,2025-05-14,USER_5633,userUSER_5633@example.com,Basic,Dashboard,7,13,Germany,Tablet,Active
ACT_0727,2025-06-12,USER_6936,userUSER_6936@example.com,Basic,Dashboard,51,14,Canada,Tablet,Active
ACT_0728,2025-05-01,USER_8387,userUSER_8387@example.com,Free,API,71,10,India,Desktop,Active
ACT_0729,2025-06-13,USER_8677,userUSER_8677@example.com,Basic,Analytics,36,14,Canada,Tablet,Trial
ACT_0730,2025-04-03,USER_6384,userUSER_6384@example.com,Basic,Analytics,115,15,UK,Mobile,Active
ACT_0731,2025-04-07,USER_8390,userUSER_8390@example.com,Enterprise,API,111,4,Canada,Mobile,Cancelled
ACT_0732,2025-07-23,USER_5379,userUSER_5379@example.com,Basic,Export,57,13,USA,Tablet,Active
ACT_0733,2025-02-28,USER_9974,userUSER_9974@example.com,Pro,API,64,2,India,Tablet,Cancelled
ACT_0734,2025-06-26,USER_9655,userUSER_9655@example.com,Pro,Dashboard,30,8,UK,Tablet,Expired
ACT_0735,2025-06-01,USER_2473,userUSER_2473@example.com,Free,API,81,15,UK,Desktop,Active
ACT_0736,2025-02-22,USER_2735,userUSER_2735@example.com,Basic,Analytics,12,9,Germany,Mobile,Expired
ACT_0737,2025-07-22,USER_1150,userUSER_1150@example.com,Free,Dashboard,79,20,Germany,Desktop,Cancelled
ACT_0738,2025-07-26,USER_9894,userUSER_9894@example.com,Free,Analytics,94,19,Germany,Tablet,Expired
ACT_0739,2025-06-17,USER_4343,userUSER_4343@example.com,Free,Export,27,8,India,Desktop,Expired
ACT_0740,2025-06-10,USER_5995,userUSER_5995@example.com,Basic,Analytics,23,5,Germany,Tablet,Expired
ACT_0741,2025-06-29,USER_6061,userUSER_6061@example.com,Free,Export,32,1,Australia,Tablet,Trial
ACT_0742,2025-02-23,USER_2053,userUSER_2053@example.com,Basic,API,10,13,USA,Mobile,Cancelled
ACT_0743,2025-05-30,USER_1620,userUSER_1620@example.com,Enterprise,Dashboard,54,19,Australia,Desktop,Trial
ACT_0744,2025-05-29,USER_4779,userUSER_4779@example.com,Pro,Dashboard,45,10,Germany,Desktop,Trial
ACT_0745,2025-07-08,USER_5812,userUSER_5812@example.com,Pro,Export,92,20,Canada,Tablet,Cancelled
ACT_0746,2025-03-20,USER_7653,userUSER_7653@example.com,Free,Analytics,82,13,Germany,Mobile,Active
ACT_0747,2025-07-19,USER_6183,userUSER_6183@example.com,Free,API,84,10,Canada,Tablet,Expired
ACT_0748,2025-03-04,USER_7143,userUSER_7143@example.com,Free,Reports,12,20,UK,Tablet,Cancelled
ACT_0749,2025-02-23,USER_8784,userUSER_8784@example.com,Enterprise,Reports,31,12,Australia,Desktop,Trial
ACT_0750,2025-06-27,USER_3162,userUSER_3162@example.com,Enterprise,Analytics,54,2,USA,Desktop,Trial
ACT_0751,2025-07-22,USER_9978,userUSER_9978@example.com,Pro,Reports,16,10,Australia,Tablet,Expired
ACT_0752,2025-04-24,USER_8427,userUSER_8427@example.com,Pro,API,19,15,Australia,Desktop,Expired
ACT_0753,2025-07-30,USER_1848,userUSER_1848@example.com,Basic,Export,84,13,Canada,Tablet,Cancelled
ACT_0754,2025-03-04,USER_7759,userUSER_7759@example.com,Basic,API,5,17,UK,Mobile,Active
ACT_0755,2025-04-06,USER_1520,userUSER_1520@example.com,Enterprise,Export,119,8,Australia,Desktop,Active
ACT_0756,2025-03-06,USER_5205,userUSER_5205@example.com,Enterprise,Reports,85,13,Germany,Mobile,Active
ACT_0757,2025-06-28,USER_4342,userUSER_4342@example.com,Basic,Dashboard,118,16,India,Tablet,Trial
ACT_0758,2025-06-11,USER_7978,userUSER_7978@example.com,Pro,API,14,5,Germany,Mobile,Expired
ACT_0759,2025-05-24,USER_8873,userUSER_8873@example.com,Enterprise,API,40,2,India,Tablet,Expired
ACT_0760,2025-03-17,USER_2700,userUSER_2700@example.com,Basic,Dashboard,55,16,India,Desktop,Trial
ACT_0761,2025-05-12,USER_2950,userUSER_2950@example.com,Basic,Export,59,16,Australia,Tablet,Expired
ACT_0762,2025-02-26,USER_2420,userUSER_2420@example.com,Basic,Reports,28,2,India,Desktop,Active
ACT_0763,2025-05-25,USER_3874,userUSER_3874@example.com,Pro,Dashboard,59,12,Germany,Desktop,Expired
ACT_0764,2025-06-04,USER_9832,userUSER_9832@example.com,Pro,Export,51,15,Germany,Tablet,Cancelled
ACT_0765,2025-03-30,USER_2788,userUSER_2788@example.com,Enterprise,Analytics,12,20,Australia,Mobile,Active
ACT_0766,2025-07-25,USER_8913,userUSER_8913@example.com,Enterprise,Dashboard,30,16,Canada,Tablet,Cancelled
ACT_0767,2025-04-19,USER_9888,userUSER_9888@example.com,Pro,Analytics,46,13,USA,Mobile,Cancelled
ACT_0768,2025-05-15,USER_1718,userUSER_1718@example.com,Free,Dashboard,106,6,India,Tablet,Trial
ACT_0769,2025-02-25,USER_5124,userUSER_5124@example.com,Pro,Dashboard,67,8,Germany,Mobile,Cancelled
ACT_0770,2025-06-12,USER_3106,userUSER_3106@example.com,Free,Analytics,94,2,USA,Desktop,Trial
ACT_0771,2025-07-29,USER_7127,userUSER_7127@example.com,Enterprise,Dashboard,99,16,UK,Mobile,Expired
ACT_0772,2025-06-05,USER_5397,userUSER_5397@example.com,Enterprise,Reports,42,3,Canada,Desktop,Trial
ACT_0773,2025-06-23,USER_2002,userUSER_2002@example.com,Basic,Reports,95,20,India,Mobile,Expired
ACT_0774,2025-03-06,USER_2176,userUSER_2176@example.com,Enterprise,Dashboard,61,13,Australia,Tablet,Trial
ACT_0775,2025-02-12,USER_6422,userUSER_6422@example.com,Free,Reports,109,19,Australia,Tablet,Trial
ACT_0776,2025-06-28,USER_5333,userUSER_5333@example.com,Basic,Dashboard,88,15,USA,Tablet,Expired
ACT_0777,2025-02-28,USER_6170,userUSER_6170@example.com,Free,Export,15,20,Germany,Mobile,Active
ACT_0778,2025-05-25,USER_7733,userUSER_7733@example.com,Basic,Analytics,99,12,Germany,Mobile,Expired
ACT_0779,2025-04-09,USER_5065,userUSER_5065@example.com,Enterprise,API,20,5,UK,Tablet,Cancelled
ACT_0780,2025-06-06,USER_1430,userUSER_1430@example.com,Free,Analytics,38,1,India,Mobile,Trial
ACT_0781,2025-08-05,USER_8912,userUSER_8912@example.com,Free,Export,85,10,India,Mobile,Cancelled
ACT_0782,2025-05-25,USER_7309,userUSER_7309@example.com,Enterprise,Analytics,78,18,USA,Tablet,Trial
ACT_0783,2025-02-21,USER_1654,userUSER_1654@example.com,Basic,API,96,2,USA,Desktop,Trial
ACT_0784,2025-05-25,USER_5096,userUSER_5096@example.com,Basic,Export,119,17,Germany,Desktop,Trial
ACT_0785,2025-06-28,USER_9579,userUSER_9579@example.com,Pro,Reports,35,12,USA,Desktop,Cancelled
ACT_0786,2025-08-02,USER_6221,userUSER_6221@example.com,Basic,Dashboard,59,18,Australia,Mobile,Expired
ACT_0787,2025-05-13,USER_7639,userUSER_7639@example.com,Pro,Reports,90,18,UK,Tablet,Trial
ACT_0788,2025-06-29,USER_8829,userUSER_8829@example.com,Pro,Analytics,75,5,Canada,Tablet,Cancelled
ACT_0789,2025-08-09,USER_4456,userUSER_4456@example.com,Enterprise,Export,14,13,India,Desktop,Trial
ACT_0790,2025-04-08,USER_1541,userUSER_1541@example.com,Free,API,58,15,USA,Tablet,Cancelled
ACT_0791,2025-03-07,USER_6003,userUSER_6003@example.com,Basic,Reports,80,8,UK,Desktop,Trial
ACT_0792,2025-06-25,USER_6596,userUSER_6596@example.com,Free,Export,16,4,Canada,Mobile,Trial
ACT_0793,2025-08-01,USER_3657,userUSER_3657@example.com,Enterprise,Dashboard,65,17,India,Desktop,Trial
ACT_0794,2025-07-21,USER_8607,userUSER_8607@example.com,Free,Analytics,25,10,Canada,Mobile,Cancelled
ACT_0795,2025-05-30,USER_4268,userUSER_4268@example.com,Pro,API,10,1,Canada,Desktop,Active
ACT_0796,2025-02-28,USER_9835,userUSER_9835@example.com,Enterprise,Analytics,76,11,Canada,Desktop,Cancelled
ACT_0797,2025-05-23,USER_7372,userUSER_7372@example.com,Enterprise,Export,73,5,Canada,Mobile,Trial
ACT_0798,2025-07-20,USER_2855,userUSER_2855@example.com,Enterprise,API,82,12,UK,Mobile,Active
ACT_0799,2025-02-26,USER_9281,userUSER_9281@example.com,Pro,Reports,71,13,USA,Tablet,Trial
ACT_0800,2025-03-20,USER_4494,userUSER_4494@example.com,Enterprise,Export,61,13,USA,Desktop,Expired
