transaction_id,transaction_date,account_id,account_type,transaction_type,amount,balance,category,description
TXN_0001,2025-05-10,ACC_5630,Savings,Withdrawal,-7199.58,23078.03,Shopping,Withdrawal transaction
TXN_0002,2025-05-31,ACC_1707,Credit,Investment,5669.07,3572.63,Entertainment,Investment transaction
TXN_0003,2024-07-13,ACC_8440,Checking,Deposit,4002.72,30654.35,Investment,Deposit transaction
TXN_0004,2024-01-16,ACC_8297,Checking,Withdrawal,-1915.77,47496.49,Salary,Withdrawal transaction
TXN_0005,2024-11-08,ACC_6881,Credit,Withdrawal,-5405.88,43858.72,Shopping,Withdrawal transaction
TXN_0006,2024-10-23,ACC_6794,Investment,Transfer,-7032.55,30064.09,Investment,Transfer transaction
TXN_0007,2024-07-09,ACC_8521,Savings,Deposit,1743.54,41654.92,Entertainment,Deposit transaction
TXN_0008,2023-11-20,ACC_9056,Investment,Investment,6457.44,32706.06,Salary,Investment transaction
TXN_0009,2024-01-31,ACC_6899,Investment,Investment,4773.79,23221.59,Shopping,Investment transaction
TXN_0010,2024-02-28,ACC_2470,Savings,Interest,6208.7,2208.02,Shopping,Interest transaction
TXN_0011,2024-12-02,ACC_6996,Investment,Interest,1720.19,38771.89,Entertainment,Interest transaction
TXN_0012,2024-01-10,ACC_5472,Credit,Transfer,-1175.93,48792.87,Shopping,Transfer transaction
TXN_0013,2023-09-17,ACC_4651,Investment,Deposit,489.52,28493.82,Entertainment,Deposit transaction
TXN_0014,2024-01-29,ACC_4429,Checking,Withdrawal,-3391.96,3471.91,Salary,Withdrawal transaction
TXN_0015,2024-07-16,ACC_2222,Savings,Interest,3489.49,43419.45,Salary,Interest transaction
TXN_0016,2024-08-07,ACC_7151,Investment,Interest,5391.97,8478.89,Shopping,Interest transaction
TXN_0017,2025-01-12,ACC_4990,Investment,Transfer,-7945.87,42207.53,Investment,Transfer transaction
TXN_0018,2025-02-25,ACC_4681,Savings,Investment,2638.1,35040.28,Entertainment,Investment transaction
TXN_0019,2024-04-28,ACC_3471,Savings,Investment,1735.26,42936.4,Investment,Investment transaction
TXN_0020,2025-04-16,ACC_3795,Investment,Withdrawal,-6985.35,38287.61,Bills,Withdrawal transaction
TXN_0021,2024-04-10,ACC_1532,Checking,Deposit,7235.8,11949.51,Entertainment,Deposit transaction
TXN_0022,2023-11-21,ACC_3093,Checking,Deposit,8075.02,6159.99,Investment,Deposit transaction
TXN_0023,2025-02-25,ACC_4938,Credit,Transfer,-9302.91,30459.04,Investment,Transfer transaction
TXN_0024,2025-04-10,ACC_3257,Investment,Withdrawal,-1922.0,34284.3,Entertainment,Withdrawal transaction
TXN_0025,2025-02-25,ACC_7757,Credit,Transfer,-5536.56,26977.16,Salary,Transfer transaction
TXN_0026,2025-01-25,ACC_5672,Investment,Interest,5497.22,19568.71,Salary,Interest transaction
TXN_0027,2024-04-02,ACC_5104,Credit,Interest,8316.58,29445.87,Shopping,Interest transaction
TXN_0028,2024-12-09,ACC_9211,Investment,Interest,2354.89,44152.68,Investment,Interest transaction
TXN_0029,2025-06-08,ACC_7152,Savings,Deposit,9289.12,29695.22,Entertainment,Deposit transaction
TXN_0030,2024-07-18,ACC_2324,Investment,Interest,6229.01,41354.07,Bills,Interest transaction
TXN_0031,2024-06-10,ACC_7665,Checking,Investment,8966.82,18836.48,Investment,Investment transaction
TXN_0032,2023-08-18,ACC_3606,Checking,Withdrawal,-2093.38,44000.58,Bills,Withdrawal transaction
TXN_0033,2024-05-20,ACC_4061,Savings,Investment,3931.58,38303.62,Salary,Investment transaction
TXN_0034,2025-05-12,ACC_2602,Checking,Investment,7607.64,15628.62,Bills,Investment transaction
TXN_0035,2023-09-07,ACC_9610,Investment,Interest,2999.18,24434.02,Bills,Interest transaction
TXN_0036,2024-01-23,ACC_2436,Savings,Withdrawal,-2213.07,8593.92,Entertainment,Withdrawal transaction
TXN_0037,2023-11-03,ACC_3711,Savings,Interest,4886.71,35225.62,Investment,Interest transaction
TXN_0038,2024-09-11,ACC_7838,Credit,Deposit,6116.68,14950.28,Salary,Deposit transaction
TXN_0039,2024-10-19,ACC_9286,Checking,Transfer,-6898.61,21253.11,Investment,Transfer transaction
TXN_0040,2023-11-04,ACC_8514,Checking,Deposit,7003.0,8498.13,Salary,Deposit transaction
TXN_0041,2025-02-25,ACC_9398,Credit,Withdrawal,-3421.75,16272.16,Bills,Withdrawal transaction
TXN_0042,2024-06-11,ACC_3345,Credit,Interest,9792.39,26344.56,Bills,Interest transaction
TXN_0043,2024-03-28,ACC_9073,Investment,Transfer,-5967.46,23761.58,Investment,Transfer transaction
TXN_0044,2024-05-19,ACC_5912,Checking,Deposit,2294.07,18662.11,Shopping,Deposit transaction
TXN_0045,2023-10-20,ACC_8700,Credit,Withdrawal,-7389.46,15143.23,Investment,Withdrawal transaction
TXN_0046,2024-06-05,ACC_5621,Investment,Transfer,-3149.36,3490.11,Entertainment,Transfer transaction
TXN_0047,2025-01-23,ACC_6198,Checking,Withdrawal,-7738.06,5320.37,Salary,Withdrawal transaction
TXN_0048,2024-11-24,ACC_6236,Savings,Interest,965.13,20626.41,Entertainment,Interest transaction
TXN_0049,2024-05-08,ACC_8627,Checking,Withdrawal,-7217.97,36851.75,Entertainment,Withdrawal transaction
TXN_0050,2024-06-14,ACC_6976,Credit,Withdrawal,-364.04,6337.09,Entertainment,Withdrawal transaction
TXN_0051,2024-07-03,ACC_6923,Checking,Transfer,-771.27,32045.31,Salary,Transfer transaction
TXN_0052,2024-09-15,ACC_5030,Checking,Interest,1327.58,44747.42,Bills,Interest transaction
TXN_0053,2025-04-22,ACC_1387,Savings,Investment,771.19,21712.52,Salary,Investment transaction
TXN_0054,2024-06-12,ACC_7000,Investment,Investment,3871.73,23423.28,Shopping,Investment transaction
TXN_0055,2024-10-01,ACC_3686,Checking,Transfer,-7727.46,30206.74,Shopping,Transfer transaction
TXN_0056,2023-12-22,ACC_4386,Checking,Withdrawal,-5552.22,6037.4,Shopping,Withdrawal transaction
TXN_0057,2025-08-10,ACC_4898,Savings,Investment,6370.85,4886.16,Investment,Investment transaction
TXN_0058,2024-09-13,ACC_7356,Savings,Transfer,-7939.41,28442.96,Salary,Transfer transaction
TXN_0059,2025-05-25,ACC_8750,Credit,Withdrawal,-4119.49,45871.87,Salary,Withdrawal transaction
TXN_0060,2024-02-20,ACC_6547,Credit,Deposit,474.66,16665.53,Salary,Deposit transaction
TXN_0061,2024-07-14,ACC_4332,Savings,Deposit,9213.45,9009.27,Salary,Deposit transaction
TXN_0062,2023-10-03,ACC_7642,Investment,Transfer,-5698.34,38756.44,Bills,Transfer transaction
TXN_0063,2024-06-03,ACC_2111,Checking,Withdrawal,-4367.11,28407.87,Bills,Withdrawal transaction
TXN_0064,2024-08-15,ACC_4175,Investment,Interest,9046.05,35628.13,Bills,Interest transaction
TXN_0065,2025-07-19,ACC_2196,Investment,Withdrawal,-2994.7,36480.42,Salary,Withdrawal transaction
TXN_0066,2024-08-24,ACC_2181,Savings,Withdrawal,-2297.98,10538.56,Entertainment,Withdrawal transaction
TXN_0067,2024-08-21,ACC_5205,Checking,Withdrawal,-2661.4,47510.05,Entertainment,Withdrawal transaction
TXN_0068,2024-04-23,ACC_2854,Investment,Deposit,7576.89,19573.26,Entertainment,Deposit transaction
TXN_0069,2023-09-17,ACC_5690,Savings,Deposit,9273.63,30876.13,Salary,Deposit transaction
TXN_0070,2024-08-21,ACC_7494,Credit,Investment,7918.19,9932.04,Shopping,Investment transaction
TXN_0071,2023-11-06,ACC_7927,Investment,Deposit,380.27,29132.42,Salary,Deposit transaction
TXN_0072,2024-03-24,ACC_6971,Checking,Withdrawal,-4634.66,18720.11,Investment,Withdrawal transaction
TXN_0073,2023-10-04,ACC_2564,Savings,Interest,3057.18,36940.37,Investment,Interest transaction
TXN_0074,2024-02-17,ACC_2896,Checking,Investment,5832.73,2349.5,Investment,Investment transaction
TXN_0075,2023-10-11,ACC_9423,Checking,Transfer,-9913.92,22957.92,Bills,Transfer transaction
TXN_0076,2025-01-25,ACC_1274,Credit,Transfer,-4619.1,23872.46,Bills,Transfer transaction
TXN_0077,2025-06-07,ACC_6975,Investment,Deposit,3033.46,39648.54,Investment,Deposit transaction
TXN_0078,2025-04-05,ACC_1000,Checking,Investment,6797.67,12168.4,Investment,Investment transaction
TXN_0079,2024-08-27,ACC_1339,Credit,Deposit,3614.91,26463.61,Investment,Deposit transaction
TXN_0080,2024-02-15,ACC_8083,Checking,Transfer,-9146.91,33127.9,Salary,Transfer transaction
TXN_0081,2024-11-06,ACC_1399,Checking,Deposit,8973.81,37386.59,Investment,Deposit transaction
TXN_0082,2024-03-17,ACC_2790,Credit,Interest,1798.46,49775.51,Investment,Interest transaction
TXN_0083,2025-05-15,ACC_7907,Savings,Interest,8396.23,19697.88,Shopping,Interest transaction
TXN_0084,2024-12-23,ACC_7960,Investment,Transfer,-4837.94,10807.66,Bills,Transfer transaction
TXN_0085,2025-02-28,ACC_3905,Checking,Interest,1797.93,21865.6,Shopping,Interest transaction
TXN_0086,2025-06-02,ACC_5634,Investment,Transfer,-9719.91,24051.32,Investment,Transfer transaction
TXN_0087,2024-04-20,ACC_7882,Credit,Withdrawal,-4163.87,40125.91,Entertainment,Withdrawal transaction
TXN_0088,2025-03-18,ACC_2193,Checking,Withdrawal,-6084.04,32674.07,Investment,Withdrawal transaction
TXN_0089,2024-04-26,ACC_9218,Investment,Withdrawal,-7420.1,22563.27,Bills,Withdrawal transaction
TXN_0090,2025-02-13,ACC_4298,Investment,Withdrawal,-218.98,34221.16,Salary,Withdrawal transaction
TXN_0091,2023-11-25,ACC_4620,Investment,Investment,3962.41,8530.24,Bills,Investment transaction
TXN_0092,2024-04-02,ACC_9212,Credit,Withdrawal,-8813.37,2895.91,Salary,Withdrawal transaction
TXN_0093,2023-12-26,ACC_2525,Credit,Withdrawal,-9819.44,34976.64,Investment,Withdrawal transaction
TXN_0094,2024-07-19,ACC_2136,Credit,Transfer,-7304.31,32704.56,Bills,Transfer transaction
TXN_0095,2023-11-06,ACC_8223,Savings,Deposit,3293.42,32377.65,Shopping,Deposit transaction
TXN_0096,2024-03-12,ACC_2373,Credit,Transfer,-8051.73,36034.01,Entertainment,Transfer transaction
TXN_0097,2024-12-09,ACC_5719,Checking,Investment,1373.66,35080.51,Shopping,Investment transaction
TXN_0098,2024-09-12,ACC_7347,Investment,Transfer,-6256.72,48436.52,Investment,Transfer transaction
TXN_0099,2023-12-29,ACC_8645,Investment,Transfer,-1382.53,48313.83,Salary,Transfer transaction
TXN_0100,2023-11-05,ACC_3252,Credit,Transfer,-4698.02,8481.82,Entertainment,Transfer transaction
TXN_0101,2023-11-02,ACC_5903,Investment,Interest,7000.75,7222.58,Bills,Interest transaction
TXN_0102,2024-08-29,ACC_9366,Credit,Withdrawal,-2863.39,24368.93,Salary,Withdrawal transaction
TXN_0103,2025-07-30,ACC_3616,Investment,Deposit,7454.11,7426.76,Salary,Deposit transaction
TXN_0104,2025-07-17,ACC_7867,Credit,Transfer,-7920.08,43027.51,Shopping,Transfer transaction
TXN_0105,2025-02-24,ACC_6547,Credit,Transfer,-8338.8,36456.4,Salary,Transfer transaction
TXN_0106,2024-06-04,ACC_7439,Checking,Investment,8209.57,48002.21,Entertainment,Investment transaction
TXN_0107,2023-10-04,ACC_6563,Savings,Withdrawal,-1066.74,23030.79,Entertainment,Withdrawal transaction
TXN_0108,2024-01-16,ACC_9718,Savings,Interest,3044.23,37850.05,Investment,Interest transaction
TXN_0109,2024-05-23,ACC_9884,Credit,Transfer,-1227.02,18980.13,Bills,Transfer transaction
TXN_0110,2025-03-20,ACC_6870,Investment,Deposit,8364.93,23789.68,Shopping,Deposit transaction
TXN_0111,2025-02-26,ACC_4184,Checking,Interest,6487.13,4524.2,Shopping,Interest transaction
TXN_0112,2023-10-11,ACC_2697,Investment,Withdrawal,-4394.3,21973.69,Investment,Withdrawal transaction
TXN_0113,2023-08-25,ACC_1385,Investment,Withdrawal,-6564.92,7074.12,Investment,Withdrawal transaction
TXN_0114,2025-06-28,ACC_8821,Credit,Transfer,-2778.0,24132.49,Bills,Transfer transaction
TXN_0115,2023-11-08,ACC_5428,Checking,Investment,609.63,44900.54,Investment,Investment transaction
TXN_0116,2024-03-24,ACC_6004,Savings,Investment,5919.23,26868.56,Bills,Investment transaction
TXN_0117,2025-08-10,ACC_4601,Savings,Transfer,-3780.25,41432.37,Entertainment,Transfer transaction
TXN_0118,2025-02-20,ACC_6861,Credit,Transfer,-3474.41,10460.01,Shopping,Transfer transaction
TXN_0119,2023-11-24,ACC_6320,Savings,Investment,8373.7,21403.04,Shopping,Investment transaction
TXN_0120,2024-08-21,ACC_4528,Checking,Interest,7053.16,41947.7,Salary,Interest transaction
TXN_0121,2025-07-17,ACC_6625,Credit,Transfer,-957.81,11405.1,Shopping,Transfer transaction
TXN_0122,2024-12-02,ACC_8503,Savings,Investment,5989.89,28189.19,Bills,Investment transaction
TXN_0123,2023-10-27,ACC_9377,Checking,Transfer,-5713.53,35131.7,Shopping,Transfer transaction
TXN_0124,2024-02-10,ACC_4320,Credit,Withdrawal,-3407.45,35117.68,Bills,Withdrawal transaction
TXN_0125,2024-06-20,ACC_5730,Checking,Investment,4302.56,17779.64,Shopping,Investment transaction
TXN_0126,2024-11-16,ACC_2767,Checking,Withdrawal,-1755.34,34957.5,Shopping,Withdrawal transaction
TXN_0127,2024-02-09,ACC_3642,Credit,Withdrawal,-3859.0,8798.19,Bills,Withdrawal transaction
TXN_0128,2024-01-12,ACC_1839,Investment,Withdrawal,-7196.83,20449.18,Bills,Withdrawal transaction
TXN_0129,2024-12-07,ACC_2566,Savings,Transfer,-1767.95,35717.31,Shopping,Transfer transaction
TXN_0130,2025-05-22,ACC_3238,Credit,Interest,538.27,28990.52,Bills,Interest transaction
TXN_0131,2025-01-06,ACC_6854,Credit,Transfer,-2132.35,27916.74,Entertainment,Transfer transaction
TXN_0132,2024-06-08,ACC_8371,Credit,Deposit,5375.5,27601.2,Shopping,Deposit transaction
TXN_0133,2025-07-20,ACC_5512,Savings,Withdrawal,-7905.71,49936.74,Investment,Withdrawal transaction
TXN_0134,2024-02-03,ACC_6080,Savings,Withdrawal,-3098.42,7439.37,Bills,Withdrawal transaction
TXN_0135,2024-08-19,ACC_3301,Checking,Deposit,8551.08,45457.91,Entertainment,Deposit transaction
TXN_0136,2024-08-25,ACC_3643,Savings,Deposit,2315.22,42657.69,Shopping,Deposit transaction
TXN_0137,2023-11-22,ACC_9736,Checking,Deposit,3488.32,48271.62,Shopping,Deposit transaction
TXN_0138,2024-01-31,ACC_5427,Savings,Interest,6230.53,33721.76,Bills,Interest transaction
TXN_0139,2025-01-04,ACC_3536,Checking,Deposit,6843.41,5826.82,Bills,Deposit transaction
TXN_0140,2023-12-06,ACC_8474,Investment,Withdrawal,-3651.42,7020.22,Bills,Withdrawal transaction
TXN_0141,2023-12-20,ACC_8141,Savings,Withdrawal,-7420.1,34526.69,Entertainment,Withdrawal transaction
TXN_0142,2024-08-21,ACC_6090,Checking,Transfer,-475.87,5064.92,Salary,Transfer transaction
TXN_0143,2024-07-29,ACC_4561,Credit,Withdrawal,-6595.1,13551.9,Salary,Withdrawal transaction
TXN_0144,2023-10-29,ACC_6486,Credit,Withdrawal,-8046.78,44476.29,Salary,Withdrawal transaction
TXN_0145,2023-12-28,ACC_9759,Checking,Investment,5032.05,38554.89,Bills,Investment transaction
TXN_0146,2025-02-03,ACC_9121,Savings,Deposit,9250.35,44433.13,Entertainment,Deposit transaction
TXN_0147,2024-10-07,ACC_2655,Checking,Transfer,-7882.06,22063.9,Investment,Transfer transaction
TXN_0148,2024-05-31,ACC_5971,Credit,Transfer,-9911.61,43244.29,Bills,Transfer transaction
TXN_0149,2025-07-04,ACC_4889,Investment,Interest,803.22,25873.76,Entertainment,Interest transaction
TXN_0150,2024-01-05,ACC_5908,Credit,Withdrawal,-190.23,38071.98,Salary,Withdrawal transaction
TXN_0151,2025-03-17,ACC_4511,Checking,Withdrawal,-8289.85,9436.94,Bills,Withdrawal transaction
TXN_0152,2024-09-09,ACC_9903,Checking,Transfer,-6147.55,3943.0,Entertainment,Transfer transaction
TXN_0153,2024-08-05,ACC_2777,Investment,Transfer,-2293.26,28676.52,Investment,Transfer transaction
TXN_0154,2023-09-08,ACC_4724,Investment,Deposit,5746.87,18967.31,Investment,Deposit transaction
TXN_0155,2024-03-07,ACC_8813,Credit,Interest,7845.14,46980.33,Investment,Interest transaction
TXN_0156,2024-07-23,ACC_4769,Investment,Deposit,4110.65,36094.03,Salary,Deposit transaction
TXN_0157,2024-03-02,ACC_5297,Savings,Withdrawal,-6331.52,9754.88,Shopping,Withdrawal transaction
TXN_0158,2024-02-11,ACC_5360,Savings,Interest,8276.63,19901.05,Bills,Interest transaction
TXN_0159,2025-06-17,ACC_4259,Investment,Interest,4688.35,27454.51,Salary,Interest transaction
TXN_0160,2024-01-27,ACC_7587,Investment,Interest,8156.24,32478.95,Investment,Interest transaction
TXN_0161,2025-05-01,ACC_1793,Investment,Deposit,7926.21,48462.84,Shopping,Deposit transaction
TXN_0162,2024-01-10,ACC_5949,Credit,Investment,4701.21,20172.21,Salary,Investment transaction
TXN_0163,2024-08-11,ACC_9564,Investment,Withdrawal,-8474.91,36069.57,Shopping,Withdrawal transaction
TXN_0164,2024-11-22,ACC_5338,Credit,Transfer,-8111.43,32252.13,Entertainment,Transfer transaction
TXN_0165,2023-09-17,ACC_5359,Investment,Investment,6848.1,8596.68,Investment,Investment transaction
TXN_0166,2023-09-02,ACC_7306,Credit,Transfer,-7122.08,44665.29,Investment,Transfer transaction
TXN_0167,2024-08-16,ACC_6310,Savings,Deposit,7599.4,49603.19,Shopping,Deposit transaction
TXN_0168,2024-10-08,ACC_9818,Savings,Withdrawal,-6128.58,38382.67,Salary,Withdrawal transaction
TXN_0169,2025-06-02,ACC_9296,Checking,Withdrawal,-7651.38,40374.69,Bills,Withdrawal transaction
TXN_0170,2025-06-04,ACC_1262,Savings,Deposit,9513.62,18488.69,Bills,Deposit transaction
TXN_0171,2023-10-20,ACC_8190,Investment,Deposit,9886.55,44032.9,Entertainment,Deposit transaction
TXN_0172,2025-07-03,ACC_7651,Investment,Interest,8315.56,4352.44,Shopping,Interest transaction
TXN_0173,2025-05-02,ACC_2466,Investment,Investment,5515.97,28188.69,Entertainment,Investment transaction
TXN_0174,2025-06-22,ACC_1355,Savings,Withdrawal,-523.83,25117.95,Salary,Withdrawal transaction
TXN_0175,2025-01-27,ACC_7615,Investment,Transfer,-2067.92,41027.95,Bills,Transfer transaction
TXN_0176,2025-03-14,ACC_4652,Savings,Transfer,-6373.81,23139.92,Bills,Transfer transaction
TXN_0177,2024-03-22,ACC_4890,Investment,Transfer,-3198.51,4027.31,Investment,Transfer transaction
TXN_0178,2024-06-03,ACC_4330,Credit,Transfer,-7655.27,29101.14,Investment,Transfer transaction
TXN_0179,2024-12-22,ACC_4292,Investment,Deposit,4257.32,9695.7,Investment,Deposit transaction
TXN_0180,2023-09-26,ACC_4695,Checking,Deposit,9226.84,11500.82,Investment,Deposit transaction
TXN_0181,2024-10-11,ACC_8970,Checking,Withdrawal,-3854.7,27307.59,Bills,Withdrawal transaction
TXN_0182,2025-01-21,ACC_1329,Savings,Withdrawal,-3957.62,4728.9,Shopping,Withdrawal transaction
TXN_0183,2024-10-18,ACC_8784,Checking,Withdrawal,-7569.63,10932.54,Bills,Withdrawal transaction
TXN_0184,2024-01-18,ACC_2442,Investment,Transfer,-4110.49,23277.59,Bills,Transfer transaction
TXN_0185,2025-04-11,ACC_6997,Credit,Investment,4664.36,9689.59,Bills,Investment transaction
TXN_0186,2023-12-20,ACC_8750,Checking,Investment,3083.31,14177.65,Entertainment,Investment transaction
TXN_0187,2024-07-10,ACC_7504,Investment,Interest,8122.33,19796.0,Shopping,Interest transaction
TXN_0188,2024-12-06,ACC_6942,Checking,Transfer,-5701.65,42438.32,Bills,Transfer transaction
TXN_0189,2023-11-30,ACC_5461,Investment,Deposit,5861.82,45591.7,Salary,Deposit transaction
TXN_0190,2025-07-09,ACC_1146,Checking,Interest,6130.09,6073.9,Entertainment,Interest transaction
TXN_0191,2023-10-19,ACC_2199,Savings,Deposit,7638.18,39392.14,Shopping,Deposit transaction
TXN_0192,2025-02-23,ACC_6143,Savings,Transfer,-8133.66,49475.67,Salary,Transfer transaction
TXN_0193,2024-07-12,ACC_5483,Investment,Deposit,9610.86,49230.04,Entertainment,Deposit transaction
TXN_0194,2024-10-19,ACC_4863,Checking,Interest,8138.44,48661.22,Entertainment,Interest transaction
TXN_0195,2024-12-06,ACC_4277,Credit,Deposit,1624.73,46861.14,Investment,Deposit transaction
TXN_0196,2024-07-20,ACC_2704,Investment,Transfer,-5542.73,7446.37,Entertainment,Transfer transaction
TXN_0197,2024-12-27,ACC_7202,Savings,Transfer,-7242.08,3794.14,Bills,Transfer transaction
TXN_0198,2024-01-31,ACC_5131,Savings,Transfer,-5770.73,4566.32,Entertainment,Transfer transaction
TXN_0199,2024-03-28,ACC_4077,Savings,Transfer,-8287.29,33700.19,Entertainment,Transfer transaction
TXN_0200,2025-04-10,ACC_5572,Credit,Withdrawal,-9882.27,2091.93,Salary,Withdrawal transaction
TXN_0201,2025-04-11,ACC_1232,Credit,Interest,7216.52,5897.84,Bills,Interest transaction
TXN_0202,2024-06-07,ACC_9386,Investment,Deposit,9991.5,37019.98,Entertainment,Deposit transaction
TXN_0203,2025-06-16,ACC_4509,Savings,Deposit,9065.76,37628.7,Salary,Deposit transaction
TXN_0204,2025-04-12,ACC_9099,Checking,Withdrawal,-5273.1,2536.07,Salary,Withdrawal transaction
TXN_0205,2025-02-02,ACC_2274,Credit,Withdrawal,-793.11,47123.7,Shopping,Withdrawal transaction
TXN_0206,2025-04-11,ACC_3208,Savings,Investment,5230.87,15637.61,Entertainment,Investment transaction
TXN_0207,2024-05-16,ACC_9043,Savings,Investment,8013.61,31675.34,Entertainment,Investment transaction
TXN_0208,2024-04-08,ACC_6317,Credit,Transfer,-7170.26,33272.53,Entertainment,Transfer transaction
TXN_0209,2024-09-07,ACC_3688,Credit,Transfer,-2690.11,34710.04,Salary,Transfer transaction
TXN_0210,2024-08-12,ACC_3755,Savings,Deposit,9636.21,37983.41,Investment,Deposit transaction
TXN_0211,2024-12-21,ACC_5427,Checking,Investment,8332.76,49566.5,Bills,Investment transaction
TXN_0212,2025-01-23,ACC_1478,Credit,Transfer,-4416.63,28185.56,Entertainment,Transfer transaction
TXN_0213,2024-10-15,ACC_7114,Checking,Deposit,5095.0,14351.6,Salary,Deposit transaction
TXN_0214,2024-03-21,ACC_8293,Checking,Withdrawal,-4643.02,11596.34,Shopping,Withdrawal transaction
TXN_0215,2023-12-24,ACC_7864,Credit,Transfer,-8370.55,46825.72,Entertainment,Transfer transaction
TXN_0216,2025-07-10,ACC_4991,Investment,Investment,3196.25,37135.18,Investment,Investment transaction
TXN_0217,2025-03-06,ACC_9333,Savings,Deposit,7569.5,18402.58,Investment,Deposit transaction
TXN_0218,2024-11-11,ACC_4846,Credit,Interest,1690.85,2956.94,Bills,Interest transaction
TXN_0219,2023-11-14,ACC_3095,Savings,Transfer,-6247.05,49812.96,Entertainment,Transfer transaction
TXN_0220,2025-01-22,ACC_1321,Investment,Withdrawal,-5994.55,7589.13,Entertainment,Withdrawal transaction
TXN_0221,2024-01-11,ACC_8453,Checking,Deposit,8851.36,14816.96,Shopping,Deposit transaction
TXN_0222,2023-09-07,ACC_6411,Savings,Deposit,4054.8,21685.48,Investment,Deposit transaction
TXN_0223,2024-10-05,ACC_3004,Credit,Interest,6140.41,3626.74,Salary,Interest transaction
TXN_0224,2024-10-01,ACC_7523,Checking,Withdrawal,-9055.86,3147.9,Entertainment,Withdrawal transaction
TXN_0225,2025-02-08,ACC_7942,Savings,Transfer,-8997.58,28063.77,Salary,Transfer transaction
TXN_0226,2024-01-05,ACC_9932,Credit,Deposit,102.29,19607.03,Bills,Deposit transaction
TXN_0227,2025-01-15,ACC_6076,Savings,Interest,2678.38,10408.6,Shopping,Interest transaction
TXN_0228,2024-03-16,ACC_7280,Checking,Withdrawal,-5503.24,35726.65,Shopping,Withdrawal transaction
TXN_0229,2025-07-28,ACC_2360,Checking,Transfer,-2122.22,46215.88,Salary,Transfer transaction
TXN_0230,2024-01-02,ACC_7483,Credit,Investment,3882.97,32159.28,Salary,Investment transaction
TXN_0231,2024-09-11,ACC_4316,Investment,Deposit,4870.45,10497.63,Bills,Deposit transaction
TXN_0232,2024-11-02,ACC_5906,Checking,Transfer,-9293.43,22378.19,Salary,Transfer transaction
TXN_0233,2023-10-13,ACC_2868,Checking,Interest,4525.39,42977.13,Shopping,Interest transaction
TXN_0234,2024-03-20,ACC_9602,Checking,Interest,6661.56,31346.05,Investment,Interest transaction
TXN_0235,2023-10-30,ACC_5968,Credit,Investment,4554.82,32176.33,Investment,Investment transaction
TXN_0236,2025-07-16,ACC_7416,Investment,Deposit,781.62,6852.78,Salary,Deposit transaction
TXN_0237,2023-08-31,ACC_1238,Investment,Deposit,5205.21,21889.08,Salary,Deposit transaction
TXN_0238,2024-01-13,ACC_2780,Investment,Interest,7349.17,4933.55,Entertainment,Interest transaction
TXN_0239,2025-06-04,ACC_4938,Credit,Interest,2599.04,9681.67,Investment,Interest transaction
TXN_0240,2023-09-25,ACC_1586,Checking,Investment,9988.87,1060.07,Entertainment,Investment transaction
TXN_0241,2025-07-12,ACC_7842,Checking,Investment,5904.62,15504.01,Investment,Investment transaction
TXN_0242,2024-04-27,ACC_4502,Credit,Withdrawal,-5238.38,20878.16,Entertainment,Withdrawal transaction
TXN_0243,2023-12-11,ACC_7865,Checking,Interest,4345.48,3536.37,Salary,Interest transaction
TXN_0244,2025-01-17,ACC_1104,Savings,Transfer,-4591.4,22521.36,Salary,Transfer transaction
TXN_0245,2024-09-13,ACC_7421,Credit,Investment,7966.88,31320.23,Salary,Investment transaction
TXN_0246,2024-05-01,ACC_8004,Checking,Investment,5401.85,3841.46,Salary,Investment transaction
TXN_0247,2025-05-26,ACC_5480,Savings,Interest,2791.81,32652.01,Bills,Interest transaction
TXN_0248,2024-11-06,ACC_6972,Investment,Withdrawal,-5563.46,24036.3,Salary,Withdrawal transaction
TXN_0249,2024-08-14,ACC_5160,Credit,Transfer,-9537.41,36212.78,Bills,Transfer transaction
TXN_0250,2025-05-08,ACC_5963,Credit,Deposit,6461.57,14861.59,Bills,Deposit transaction
TXN_0251,2024-10-28,ACC_9543,Savings,Interest,5690.47,34293.77,Bills,Interest transaction
TXN_0252,2025-03-06,ACC_9035,Investment,Deposit,4546.13,17022.61,Investment,Deposit transaction
TXN_0253,2024-01-13,ACC_6192,Checking,Investment,3029.01,7301.4,Investment,Investment transaction
TXN_0254,2024-07-23,ACC_9373,Savings,Interest,6128.85,43993.72,Salary,Interest transaction
TXN_0255,2025-06-04,ACC_9895,Credit,Interest,8577.49,28143.58,Investment,Interest transaction
TXN_0256,2024-08-11,ACC_5861,Credit,Transfer,-9699.28,17227.28,Bills,Transfer transaction
TXN_0257,2024-12-28,ACC_4448,Savings,Withdrawal,-9853.12,12577.4,Salary,Withdrawal transaction
TXN_0258,2025-01-17,ACC_1551,Checking,Withdrawal,-9738.15,16798.32,Investment,Withdrawal transaction
TXN_0259,2025-03-10,ACC_3182,Investment,Withdrawal,-9548.99,30733.7,Investment,Withdrawal transaction
TXN_0260,2025-07-29,ACC_4583,Investment,Deposit,4257.03,6892.24,Investment,Deposit transaction
TXN_0261,2025-03-14,ACC_6793,Credit,Withdrawal,-1586.51,32074.62,Entertainment,Withdrawal transaction
TXN_0262,2024-09-07,ACC_7729,Checking,Deposit,9510.7,48729.41,Salary,Deposit transaction
TXN_0263,2023-12-08,ACC_6294,Investment,Deposit,339.63,18853.44,Salary,Deposit transaction
TXN_0264,2025-05-10,ACC_5574,Investment,Deposit,2221.32,6187.39,Entertainment,Deposit transaction
TXN_0265,2024-05-03,ACC_8222,Credit,Withdrawal,-6799.96,24655.93,Shopping,Withdrawal transaction
TXN_0266,2025-03-13,ACC_5675,Savings,Investment,6923.06,26972.2,Salary,Investment transaction
TXN_0267,2025-05-10,ACC_4139,Savings,Deposit,6975.06,14050.16,Salary,Deposit transaction
TXN_0268,2025-03-25,ACC_1543,Savings,Deposit,6782.95,46148.24,Bills,Deposit transaction
TXN_0269,2024-01-08,ACC_8898,Savings,Transfer,-4808.57,26952.54,Salary,Transfer transaction
TXN_0270,2024-06-11,ACC_3326,Checking,Deposit,7811.44,46751.99,Entertainment,Deposit transaction
TXN_0271,2023-12-12,ACC_6221,Investment,Investment,2491.5,47509.62,Salary,Investment transaction
TXN_0272,2023-10-01,ACC_2876,Checking,Transfer,-6615.64,1690.18,Bills,Transfer transaction
TXN_0273,2024-05-28,ACC_4039,Savings,Deposit,9190.59,5703.02,Salary,Deposit transaction
TXN_0274,2024-05-05,ACC_8272,Investment,Withdrawal,-5816.12,6673.91,Investment,Withdrawal transaction
TXN_0275,2024-02-21,ACC_7442,Checking,Transfer,-7143.67,12401.47,Salary,Transfer transaction
TXN_0276,2025-07-18,ACC_6113,Savings,Transfer,-4995.87,28586.29,Bills,Transfer transaction
TXN_0277,2025-03-28,ACC_2977,Checking,Transfer,-4534.39,25829.3,Shopping,Transfer transaction
TXN_0278,2024-09-23,ACC_2050,Savings,Withdrawal,-1101.62,45242.45,Entertainment,Withdrawal transaction
TXN_0279,2023-11-04,ACC_1116,Savings,Deposit,7029.96,16771.32,Shopping,Deposit transaction
TXN_0280,2023-11-29,ACC_8051,Savings,Investment,8687.97,43820.86,Shopping,Investment transaction
TXN_0281,2025-01-01,ACC_3115,Credit,Investment,3158.9,8682.02,Shopping,Investment transaction
TXN_0282,2025-03-30,ACC_2151,Checking,Deposit,1426.23,16893.66,Salary,Deposit transaction
TXN_0283,2024-09-04,ACC_6673,Credit,Investment,8022.7,38583.68,Shopping,Investment transaction
TXN_0284,2025-03-24,ACC_6294,Credit,Transfer,-8694.93,11253.14,Investment,Transfer transaction
TXN_0285,2024-12-27,ACC_4683,Checking,Deposit,2916.96,28968.97,Entertainment,Deposit transaction
TXN_0286,2025-01-30,ACC_7066,Savings,Investment,7528.43,13564.31,Investment,Investment transaction
TXN_0287,2024-07-06,ACC_4384,Savings,Interest,4985.7,1034.82,Shopping,Interest transaction
TXN_0288,2023-10-07,ACC_2076,Checking,Deposit,5246.65,23772.65,Investment,Deposit transaction
TXN_0289,2025-05-25,ACC_6875,Investment,Investment,8420.73,31025.75,Bills,Investment transaction
TXN_0290,2024-11-19,ACC_5533,Savings,Deposit,263.12,11751.0,Entertainment,Deposit transaction
TXN_0291,2025-02-05,ACC_1231,Investment,Interest,5812.9,21073.51,Bills,Interest transaction
TXN_0292,2024-11-23,ACC_5670,Savings,Transfer,-4700.65,35419.37,Bills,Transfer transaction
TXN_0293,2024-11-11,ACC_1881,Savings,Transfer,-8711.7,32997.77,Investment,Transfer transaction
TXN_0294,2023-11-03,ACC_7438,Savings,Transfer,-1652.31,6641.23,Salary,Transfer transaction
TXN_0295,2024-06-20,ACC_8628,Savings,Deposit,4981.37,18384.14,Investment,Deposit transaction
TXN_0296,2023-12-18,ACC_2932,Credit,Investment,3462.39,9975.75,Bills,Investment transaction
TXN_0297,2024-04-14,ACC_5270,Savings,Interest,4108.74,8849.67,Bills,Interest transaction
TXN_0298,2024-02-17,ACC_4122,Investment,Transfer,-3256.75,37703.78,Entertainment,Transfer transaction
TXN_0299,2024-03-03,ACC_5967,Credit,Transfer,-705.91,12257.8,Shopping,Transfer transaction
TXN_0300,2024-04-29,ACC_3172,Credit,Investment,8248.9,6664.8,Shopping,Investment transaction
TXN_0301,2023-08-25,ACC_4248,Investment,Deposit,4044.46,44071.2,Investment,Deposit transaction
TXN_0302,2025-04-01,ACC_9209,Investment,Withdrawal,-7037.05,26184.21,Investment,Withdrawal transaction
TXN_0303,2025-03-21,ACC_1152,Checking,Deposit,1859.64,15224.62,Shopping,Deposit transaction
TXN_0304,2025-05-10,ACC_4549,Savings,Withdrawal,-7207.07,39469.5,Bills,Withdrawal transaction
TXN_0305,2024-05-26,ACC_7522,Checking,Transfer,-9186.96,40726.24,Salary,Transfer transaction
TXN_0306,2025-04-30,ACC_4929,Investment,Deposit,406.35,23903.61,Bills,Deposit transaction
TXN_0307,2025-05-27,ACC_4815,Checking,Transfer,-2310.22,1867.99,Bills,Transfer transaction
TXN_0308,2025-05-28,ACC_9343,Investment,Withdrawal,-2913.81,40736.64,Bills,Withdrawal transaction
TXN_0309,2025-06-03,ACC_5360,Credit,Transfer,-8351.53,14231.05,Shopping,Transfer transaction
TXN_0310,2023-09-11,ACC_7577,Investment,Deposit,9433.85,7377.34,Shopping,Deposit transaction
TXN_0311,2024-06-05,ACC_7176,Investment,Investment,2661.66,37913.2,Salary,Investment transaction
TXN_0312,2023-12-17,ACC_6314,Savings,Deposit,3239.0,28621.18,Shopping,Deposit transaction
TXN_0313,2023-10-06,ACC_8310,Checking,Transfer,-785.82,23441.7,Bills,Transfer transaction
TXN_0314,2024-04-05,ACC_6363,Checking,Withdrawal,-8287.1,21012.17,Investment,Withdrawal transaction
TXN_0315,2025-03-18,ACC_4941,Checking,Deposit,4640.44,9460.4,Bills,Deposit transaction
TXN_0316,2024-09-01,ACC_7630,Investment,Interest,8741.87,33479.27,Salary,Interest transaction
TXN_0317,2025-07-03,ACC_8394,Investment,Withdrawal,-576.02,25568.54,Entertainment,Withdrawal transaction
TXN_0318,2024-03-13,ACC_1210,Savings,Withdrawal,-3935.82,3443.51,Entertainment,Withdrawal transaction
TXN_0319,2024-03-13,ACC_1715,Savings,Transfer,-1680.03,45307.98,Entertainment,Transfer transaction
TXN_0320,2023-12-24,ACC_9577,Credit,Transfer,-1760.17,23806.35,Salary,Transfer transaction
TXN_0321,2023-10-25,ACC_7522,Checking,Investment,2519.8,2409.91,Shopping,Investment transaction
TXN_0322,2024-01-27,ACC_2539,Investment,Withdrawal,-889.73,28981.58,Entertainment,Withdrawal transaction
TXN_0323,2024-03-11,ACC_1791,Checking,Transfer,-6956.59,13654.79,Investment,Transfer transaction
TXN_0324,2024-07-23,ACC_1620,Savings,Withdrawal,-2125.9,41140.86,Shopping,Withdrawal transaction
TXN_0325,2024-05-19,ACC_9752,Checking,Deposit,5242.12,41259.71,Entertainment,Deposit transaction
TXN_0326,2024-01-16,ACC_8006,Checking,Interest,4679.38,42692.79,Entertainment,Interest transaction
TXN_0327,2025-07-25,ACC_2952,Credit,Investment,2006.29,34652.34,Bills,Investment transaction
TXN_0328,2024-09-17,ACC_2186,Checking,Deposit,3404.05,45480.56,Entertainment,Deposit transaction
TXN_0329,2025-05-19,ACC_7619,Checking,Withdrawal,-6827.69,7466.73,Investment,Withdrawal transaction
TXN_0330,2024-04-26,ACC_9217,Checking,Deposit,654.22,17017.74,Investment,Deposit transaction
TXN_0331,2024-06-13,ACC_4316,Checking,Withdrawal,-6777.23,39890.65,Bills,Withdrawal transaction
TXN_0332,2023-12-14,ACC_2311,Credit,Deposit,8891.31,8851.22,Entertainment,Deposit transaction
TXN_0333,2024-03-26,ACC_7424,Checking,Investment,5169.14,18819.8,Salary,Investment transaction
TXN_0334,2024-08-29,ACC_4215,Savings,Interest,8949.24,28113.12,Bills,Interest transaction
TXN_0335,2024-07-01,ACC_2708,Checking,Interest,1500.4,25062.65,Investment,Interest transaction
TXN_0336,2024-07-12,ACC_3996,Checking,Interest,2893.11,18964.97,Bills,Interest transaction
TXN_0337,2024-12-30,ACC_3794,Savings,Withdrawal,-660.78,43073.04,Salary,Withdrawal transaction
TXN_0338,2024-08-20,ACC_4018,Investment,Deposit,124.91,45185.05,Entertainment,Deposit transaction
TXN_0339,2025-01-13,ACC_9145,Savings,Deposit,5689.92,47108.9,Bills,Deposit transaction
TXN_0340,2023-10-12,ACC_4711,Checking,Deposit,760.55,18505.17,Salary,Deposit transaction
TXN_0341,2024-10-22,ACC_8194,Investment,Transfer,-2287.2,22471.12,Shopping,Transfer transaction
TXN_0342,2025-01-19,ACC_6553,Savings,Investment,3614.09,25837.58,Salary,Investment transaction
TXN_0343,2025-05-19,ACC_6684,Savings,Interest,220.72,27295.88,Entertainment,Interest transaction
TXN_0344,2024-09-26,ACC_8807,Credit,Deposit,7818.8,31818.65,Shopping,Deposit transaction
TXN_0345,2024-01-21,ACC_6925,Investment,Transfer,-9194.0,3797.09,Shopping,Transfer transaction
TXN_0346,2024-08-14,ACC_4444,Savings,Transfer,-2709.22,39053.15,Salary,Transfer transaction
TXN_0347,2025-06-14,ACC_6558,Savings,Investment,5810.95,8407.01,Shopping,Investment transaction
TXN_0348,2025-03-21,ACC_1317,Credit,Withdrawal,-8839.19,33747.91,Bills,Withdrawal transaction
TXN_0349,2024-05-03,ACC_4793,Checking,Investment,431.56,21343.97,Investment,Investment transaction
TXN_0350,2024-11-25,ACC_4357,Checking,Transfer,-4711.97,3224.91,Investment,Transfer transaction
TXN_0351,2025-07-24,ACC_1558,Checking,Withdrawal,-5649.24,10950.95,Bills,Withdrawal transaction
TXN_0352,2025-04-30,ACC_1964,Savings,Investment,1665.48,22790.05,Investment,Investment transaction
TXN_0353,2024-07-04,ACC_1379,Credit,Investment,6068.23,10132.21,Salary,Investment transaction
TXN_0354,2023-12-29,ACC_6180,Investment,Investment,7278.68,29822.53,Bills,Investment transaction
TXN_0355,2024-07-20,ACC_3739,Credit,Interest,1004.62,13582.66,Salary,Interest transaction
TXN_0356,2023-11-09,ACC_8201,Savings,Investment,609.83,21609.88,Shopping,Investment transaction
TXN_0357,2025-05-27,ACC_6598,Savings,Deposit,2963.1,35128.54,Investment,Deposit transaction
TXN_0358,2025-05-16,ACC_5596,Checking,Withdrawal,-4914.4,12300.0,Salary,Withdrawal transaction
TXN_0359,2025-02-05,ACC_8371,Checking,Withdrawal,-8887.01,15984.72,Investment,Withdrawal transaction
TXN_0360,2024-10-25,ACC_6699,Investment,Deposit,4127.29,28343.23,Entertainment,Deposit transaction
TXN_0361,2025-04-14,ACC_7494,Checking,Withdrawal,-2199.17,24524.83,Shopping,Withdrawal transaction
TXN_0362,2025-02-20,ACC_4131,Credit,Deposit,8607.53,21995.9,Bills,Deposit transaction
TXN_0363,2023-09-08,ACC_8899,Credit,Investment,4790.29,49025.58,Shopping,Investment transaction
TXN_0364,2024-08-09,ACC_4595,Credit,Transfer,-2477.07,34062.56,Entertainment,Transfer transaction
TXN_0365,2025-04-11,ACC_2258,Checking,Transfer,-4086.55,12784.06,Investment,Transfer transaction
TXN_0366,2024-10-07,ACC_6182,Investment,Interest,6497.46,27935.73,Investment,Interest transaction
TXN_0367,2024-07-08,ACC_5850,Investment,Withdrawal,-2831.51,21300.07,Entertainment,Withdrawal transaction
TXN_0368,2024-10-20,ACC_2957,Savings,Interest,6451.69,17933.13,Entertainment,Interest transaction
TXN_0369,2024-12-18,ACC_2848,Credit,Deposit,5169.5,42085.16,Salary,Deposit transaction
TXN_0370,2024-08-05,ACC_2520,Checking,Interest,8189.19,19237.8,Salary,Interest transaction
TXN_0371,2024-07-11,ACC_2873,Credit,Deposit,4250.63,5583.58,Investment,Deposit transaction
TXN_0372,2025-07-02,ACC_7342,Investment,Deposit,481.39,49863.35,Salary,Deposit transaction
TXN_0373,2025-07-06,ACC_4194,Investment,Transfer,-4240.09,6344.83,Shopping,Transfer transaction
TXN_0374,2025-06-12,ACC_2558,Checking,Interest,6479.62,27559.62,Shopping,Interest transaction
TXN_0375,2023-10-14,ACC_4998,Checking,Transfer,-1964.31,13140.11,Entertainment,Transfer transaction
TXN_0376,2024-11-07,ACC_1694,Checking,Investment,8134.01,25830.81,Shopping,Investment transaction
TXN_0377,2025-03-07,ACC_1150,Savings,Transfer,-1573.65,42772.82,Shopping,Transfer transaction
TXN_0378,2024-09-29,ACC_4949,Credit,Transfer,-8319.47,7048.71,Shopping,Transfer transaction
TXN_0379,2023-10-08,ACC_3567,Credit,Investment,2161.45,2097.89,Bills,Investment transaction
TXN_0380,2025-03-01,ACC_9510,Credit,Withdrawal,-5790.52,35734.77,Shopping,Withdrawal transaction
TXN_0381,2025-06-08,ACC_7342,Investment,Investment,3002.53,11904.7,Investment,Investment transaction
TXN_0382,2024-07-14,ACC_9359,Credit,Deposit,1418.06,38552.79,Shopping,Deposit transaction
TXN_0383,2024-02-10,ACC_2929,Investment,Interest,5916.37,30786.37,Entertainment,Interest transaction
TXN_0384,2024-01-19,ACC_4066,Savings,Transfer,-9199.58,1580.89,Entertainment,Transfer transaction
TXN_0385,2024-11-01,ACC_4660,Credit,Investment,804.39,21591.73,Bills,Investment transaction
TXN_0386,2024-09-27,ACC_7449,Credit,Interest,3370.35,46060.68,Bills,Interest transaction
TXN_0387,2025-03-14,ACC_5693,Savings,Deposit,516.95,43425.21,Entertainment,Deposit transaction
TXN_0388,2024-04-22,ACC_5494,Credit,Withdrawal,-6589.65,35014.11,Salary,Withdrawal transaction
TXN_0389,2025-01-17,ACC_4343,Checking,Withdrawal,-9204.81,25837.21,Entertainment,Withdrawal transaction
TXN_0390,2025-06-19,ACC_4004,Savings,Interest,3022.4,48442.6,Shopping,Interest transaction
TXN_0391,2024-03-17,ACC_5451,Savings,Interest,7165.54,22076.88,Bills,Interest transaction
TXN_0392,2025-02-21,ACC_2927,Savings,Interest,3960.86,12222.69,Entertainment,Interest transaction
TXN_0393,2024-09-03,ACC_2679,Checking,Investment,985.12,27793.98,Salary,Investment transaction
TXN_0394,2025-01-04,ACC_4521,Credit,Deposit,3755.2,48979.02,Investment,Deposit transaction
TXN_0395,2023-11-24,ACC_8298,Investment,Transfer,-6651.38,2457.33,Entertainment,Transfer transaction
TXN_0396,2023-09-27,ACC_7269,Credit,Interest,7695.85,5800.66,Bills,Interest transaction
TXN_0397,2025-05-22,ACC_6175,Savings,Interest,8797.53,17455.67,Shopping,Interest transaction
TXN_0398,2025-07-21,ACC_2821,Checking,Deposit,3561.8,12749.46,Investment,Deposit transaction
TXN_0399,2024-07-04,ACC_3685,Savings,Withdrawal,-2764.99,9216.47,Investment,Withdrawal transaction
TXN_0400,2025-04-26,ACC_6618,Savings,Transfer,-4747.83,27080.27,Salary,Transfer transaction
TXN_0401,2024-03-03,ACC_8796,Credit,Withdrawal,-3004.86,17594.52,Salary,Withdrawal transaction
TXN_0402,2024-11-05,ACC_3122,Checking,Interest,1932.39,32426.79,Salary,Interest transaction
TXN_0403,2023-10-10,ACC_1066,Savings,Investment,9999.02,26106.88,Investment,Investment transaction
TXN_0404,2024-10-26,ACC_3247,Investment,Transfer,-8451.0,23974.53,Investment,Transfer transaction
TXN_0405,2024-11-29,ACC_4201,Credit,Investment,5655.17,43702.04,Entertainment,Investment transaction
TXN_0406,2024-03-19,ACC_5445,Savings,Investment,5813.49,23058.55,Entertainment,Investment transaction
TXN_0407,2023-12-26,ACC_7715,Checking,Interest,128.65,2300.93,Shopping,Interest transaction
TXN_0408,2025-01-02,ACC_5652,Investment,Transfer,-7161.56,6514.76,Investment,Transfer transaction
TXN_0409,2025-06-16,ACC_7084,Savings,Investment,2161.85,1995.33,Bills,Investment transaction
TXN_0410,2024-01-29,ACC_5879,Credit,Interest,1369.57,47379.03,Salary,Interest transaction
TXN_0411,2025-08-07,ACC_7865,Credit,Withdrawal,-2467.08,46310.69,Entertainment,Withdrawal transaction
TXN_0412,2024-03-24,ACC_9029,Checking,Deposit,7961.62,39789.34,Shopping,Deposit transaction
TXN_0413,2025-03-11,ACC_8233,Investment,Transfer,-3463.84,46722.98,Investment,Transfer transaction
TXN_0414,2025-07-06,ACC_6293,Savings,Transfer,-6005.58,2915.15,Salary,Transfer transaction
TXN_0415,2025-06-28,ACC_4468,Credit,Transfer,-7104.8,40998.67,Entertainment,Transfer transaction
TXN_0416,2023-10-26,ACC_8811,Savings,Interest,6616.55,23916.83,Shopping,Interest transaction
TXN_0417,2024-09-27,ACC_7429,Investment,Withdrawal,-1253.79,7172.54,Salary,Withdrawal transaction
TXN_0418,2025-04-26,ACC_4752,Checking,Deposit,6041.33,21797.65,Bills,Deposit transaction
TXN_0419,2024-04-14,ACC_7157,Credit,Investment,1585.83,20641.26,Investment,Investment transaction
TXN_0420,2025-05-14,ACC_7202,Credit,Withdrawal,-466.82,7182.92,Bills,Withdrawal transaction
TXN_0421,2023-08-21,ACC_1423,Credit,Interest,7795.15,24310.6,Shopping,Interest transaction
TXN_0422,2025-01-29,ACC_3455,Credit,Interest,3309.22,36074.03,Shopping,Interest transaction
TXN_0423,2024-10-12,ACC_3088,Checking,Investment,5433.63,36665.56,Entertainment,Investment transaction
TXN_0424,2023-09-17,ACC_6707,Investment,Interest,3266.66,8666.34,Entertainment,Interest transaction
TXN_0425,2024-01-08,ACC_2373,Investment,Deposit,9519.56,47197.99,Salary,Deposit transaction
TXN_0426,2025-06-19,ACC_1139,Savings,Withdrawal,-9762.95,25520.97,Entertainment,Withdrawal transaction
TXN_0427,2024-03-14,ACC_6002,Credit,Interest,7592.16,7688.72,Investment,Interest transaction
TXN_0428,2023-11-17,ACC_7222,Credit,Investment,2992.71,49175.35,Entertainment,Investment transaction
TXN_0429,2025-04-04,ACC_5244,Checking,Transfer,-6902.2,29006.26,Bills,Transfer transaction
TXN_0430,2024-03-18,ACC_5694,Credit,Transfer,-9147.98,42817.54,Bills,Transfer transaction
TXN_0431,2025-03-05,ACC_7743,Credit,Transfer,-9670.6,22165.38,Salary,Transfer transaction
TXN_0432,2023-11-21,ACC_5519,Checking,Deposit,512.43,4692.76,Entertainment,Deposit transaction
TXN_0433,2023-08-14,ACC_9197,Credit,Withdrawal,-6872.35,9351.88,Shopping,Withdrawal transaction
TXN_0434,2023-11-18,ACC_9843,Credit,Interest,4262.79,34935.4,Bills,Interest transaction
TXN_0435,2024-08-05,ACC_4362,Checking,Deposit,8047.14,40479.76,Shopping,Deposit transaction
TXN_0436,2024-06-17,ACC_3691,Investment,Transfer,-1586.1,41916.71,Bills,Transfer transaction
TXN_0437,2024-02-05,ACC_9589,Checking,Investment,5469.04,19856.94,Entertainment,Investment transaction
TXN_0438,2024-07-29,ACC_7401,Checking,Interest,2418.6,23073.96,Bills,Interest transaction
TXN_0439,2025-07-09,ACC_8049,Checking,Investment,689.19,15398.0,Investment,Investment transaction
TXN_0440,2024-11-25,ACC_8800,Checking,Investment,1920.18,23088.83,Shopping,Investment transaction
TXN_0441,2024-01-04,ACC_6602,Checking,Withdrawal,-9943.93,24657.87,Investment,Withdrawal transaction
TXN_0442,2025-01-25,ACC_8494,Credit,Deposit,5360.7,37691.99,Investment,Deposit transaction
TXN_0443,2024-12-20,ACC_9361,Investment,Interest,9880.13,14998.41,Investment,Interest transaction
TXN_0444,2024-05-16,ACC_9875,Investment,Investment,5649.63,21076.85,Entertainment,Investment transaction
TXN_0445,2025-05-05,ACC_2407,Checking,Deposit,7626.56,30175.29,Salary,Deposit transaction
TXN_0446,2025-05-28,ACC_8867,Savings,Withdrawal,-2482.94,5885.71,Bills,Withdrawal transaction
TXN_0447,2024-08-15,ACC_2345,Credit,Deposit,8519.41,13162.7,Investment,Deposit transaction
TXN_0448,2024-06-10,ACC_8644,Investment,Withdrawal,-8717.57,47178.79,Investment,Withdrawal transaction
TXN_0449,2025-06-23,ACC_5964,Credit,Interest,537.12,11390.42,Investment,Interest transaction
TXN_0450,2024-05-10,ACC_7921,Investment,Withdrawal,-3435.83,32235.2,Salary,Withdrawal transaction
TXN_0451,2024-03-14,ACC_2694,Checking,Interest,8007.11,49891.06,Bills,Interest transaction
TXN_0452,2025-07-09,ACC_5099,Credit,Transfer,-8413.63,2092.61,Shopping,Transfer transaction
TXN_0453,2025-04-06,ACC_4776,Checking,Withdrawal,-5648.14,31408.61,Entertainment,Withdrawal transaction
TXN_0454,2024-01-01,ACC_5503,Credit,Withdrawal,-2765.87,42174.49,Shopping,Withdrawal transaction
TXN_0455,2025-05-19,ACC_5612,Checking,Transfer,-1204.71,43039.29,Bills,Transfer transaction
TXN_0456,2024-05-14,ACC_5786,Savings,Investment,7404.4,29125.02,Bills,Investment transaction
TXN_0457,2024-06-14,ACC_3503,Savings,Deposit,9228.66,9061.31,Shopping,Deposit transaction
TXN_0458,2024-03-30,ACC_9201,Checking,Transfer,-3480.3,20015.16,Investment,Transfer transaction
TXN_0459,2024-05-29,ACC_1735,Investment,Deposit,9754.94,15471.47,Salary,Deposit transaction
TXN_0460,2025-06-30,ACC_4994,Checking,Interest,8885.41,37385.89,Entertainment,Interest transaction
TXN_0461,2023-12-04,ACC_7246,Checking,Transfer,-7950.85,39981.31,Salary,Transfer transaction
TXN_0462,2024-02-06,ACC_4446,Investment,Withdrawal,-4919.34,30895.48,Entertainment,Withdrawal transaction
TXN_0463,2024-11-03,ACC_7164,Savings,Withdrawal,-8060.21,17063.17,Bills,Withdrawal transaction
TXN_0464,2024-03-23,ACC_6341,Credit,Investment,291.53,14619.54,Shopping,Investment transaction
TXN_0465,2025-06-13,ACC_2115,Investment,Investment,5971.3,26772.26,Shopping,Investment transaction
TXN_0466,2025-01-21,ACC_4313,Investment,Transfer,-5386.79,39988.68,Entertainment,Transfer transaction
TXN_0467,2025-03-09,ACC_6101,Savings,Investment,3637.06,8247.18,Entertainment,Investment transaction
TXN_0468,2023-11-14,ACC_7795,Credit,Investment,1824.64,27099.27,Salary,Investment transaction
TXN_0469,2024-02-25,ACC_6333,Investment,Interest,6218.12,23356.61,Bills,Interest transaction
TXN_0470,2025-03-19,ACC_1387,Checking,Withdrawal,-751.06,11635.17,Investment,Withdrawal transaction
TXN_0471,2024-04-22,ACC_8510,Credit,Investment,6012.85,38401.32,Salary,Investment transaction
TXN_0472,2024-01-09,ACC_7033,Savings,Deposit,7967.99,24069.33,Bills,Deposit transaction
TXN_0473,2024-02-12,ACC_7979,Checking,Deposit,2584.38,33009.0,Salary,Deposit transaction
TXN_0474,2023-11-09,ACC_7814,Checking,Interest,7968.38,31719.44,Salary,Interest transaction
TXN_0475,2024-11-09,ACC_9578,Savings,Investment,7340.48,18856.57,Investment,Investment transaction
TXN_0476,2025-01-15,ACC_9419,Credit,Withdrawal,-2542.65,43518.6,Entertainment,Withdrawal transaction
TXN_0477,2024-03-31,ACC_6895,Investment,Deposit,8396.86,1155.09,Investment,Deposit transaction
TXN_0478,2024-01-09,ACC_1113,Savings,Investment,2152.5,23411.98,Shopping,Investment transaction
TXN_0479,2024-01-15,ACC_1202,Checking,Transfer,-6761.2,29561.4,Shopping,Transfer transaction
TXN_0480,2023-09-29,ACC_5613,Credit,Deposit,6284.18,7714.63,Entertainment,Deposit transaction
TXN_0481,2024-12-06,ACC_5406,Checking,Deposit,7703.61,46294.09,Salary,Deposit transaction
TXN_0482,2025-07-12,ACC_6706,Investment,Withdrawal,-1952.69,41712.61,Salary,Withdrawal transaction
TXN_0483,2023-10-10,ACC_3066,Checking,Deposit,4500.12,14722.27,Entertainment,Deposit transaction
TXN_0484,2024-07-19,ACC_6566,Investment,Interest,3157.36,34066.38,Bills,Interest transaction
TXN_0485,2025-03-29,ACC_8298,Checking,Investment,7343.86,47201.59,Investment,Investment transaction
TXN_0486,2023-09-17,ACC_8665,Checking,Withdrawal,-2146.51,24057.18,Salary,Withdrawal transaction
TXN_0487,2024-05-04,ACC_2844,Checking,Transfer,-811.44,9695.27,Salary,Transfer transaction
TXN_0488,2024-05-25,ACC_7895,Checking,Withdrawal,-711.0,29351.07,Entertainment,Withdrawal transaction
TXN_0489,2023-09-25,ACC_3555,Checking,Transfer,-2713.55,4671.48,Entertainment,Transfer transaction
TXN_0490,2023-09-12,ACC_7089,Checking,Transfer,-6321.38,21765.25,Investment,Transfer transaction
TXN_0491,2024-02-17,ACC_2732,Credit,Withdrawal,-8982.64,14129.21,Bills,Withdrawal transaction
TXN_0492,2023-11-25,ACC_9233,Checking,Transfer,-2214.59,31433.68,Shopping,Transfer transaction
TXN_0493,2024-08-25,ACC_1504,Credit,Investment,9286.6,23209.4,Bills,Investment transaction
TXN_0494,2024-09-25,ACC_9424,Investment,Deposit,6077.3,23736.41,Bills,Deposit transaction
TXN_0495,2025-04-21,ACC_3314,Investment,Investment,8915.19,21989.05,Shopping,Investment transaction
TXN_0496,2025-08-03,ACC_1854,Checking,Transfer,-3819.47,5575.74,Entertainment,Transfer transaction
TXN_0497,2024-11-18,ACC_1579,Savings,Withdrawal,-906.81,46860.45,Shopping,Withdrawal transaction
TXN_0498,2023-10-17,ACC_9173,Savings,Deposit,7647.46,2907.66,Salary,Deposit transaction
TXN_0499,2024-07-31,ACC_4052,Savings,Transfer,-1815.21,48321.41,Shopping,Transfer transaction
TXN_0500,2025-01-19,ACC_6249,Investment,Investment,2349.96,13554.89,Bills,Investment transaction
